File_DB	Language	Corpus	Code	Age(Month)	Sex	Group	Race	SES	Role	Education	Custom_field	Design	Activity	Group...7	Total_Utts	MLU_Utts	MLU_Words	MLU_Morphemes	MLU50_Utts	MLU50_Words	MLU50_Morphemes	FREQ_types	FREQ_tokens	NDW_100	VOCD_D_optimum_average	Verbs_Utt	Word_Errors	Utt_Errors	retracing	repetition	DSS_Utts	DSS	mor_Words	*-PRESP	in	on	*-PL	*-POSS	u-cop	det:art	*-PAST	*-3S	irr-3S	u-aux	c-cop	c-aux	Total_non_zero_mors	participants	Stat
NA	eng	SALT Conversation	NA	2;9 to 3;5	NA	TD	NA	NA	NA	NA	NA	NA	Conversation	NA	114.5	104.5	3.29	3.59	NA	NA	NA	122.5	338.69	NA	NA	0.57	NA	NA	NA	NA	NA	NA	NA	NA	NA	NA	NA	NA	NA	NA	NA	NA	NA	NA	NA	NA	NA	16	Mean
NA	eng	SALT Conversation	NA	2;9 to 3;5	NA	TD	NA	NA	NA	NA	NA	NA	Conversation	NA	60.96	56.59	0.69	0.8	NA	NA	NA	46.02	182.51	NA	NA	0.2	NA	NA	NA	NA	NA	NA	NA	NA	NA	NA	NA	NA	NA	NA	NA	NA	NA	NA	NA	NA	NA	16	SD
NA	eng	SALT Conversation	NA	3;9 to 4;0	NA	TD	NA	NA	NA	NA	NA	NA	Conversation	NA	118.45	111.27	3.58	3.93	NA	NA	NA	149.91	397.82	NA	NA	0.62	NA	NA	NA	NA	NA	NA	NA	NA	NA	NA	NA	NA	NA	NA	NA	NA	NA	NA	NA	NA	NA	11	Mean
NA	eng	SALT Conversation	NA	3;9 to 4;0	NA	TD	NA	NA	NA	NA	NA	NA	Conversation	NA	26.55	28.26	0.77	0.87	NA	NA	NA	37.05	119.49	NA	NA	0.17	NA	NA	NA	NA	NA	NA	NA	NA	NA	NA	NA	NA	NA	NA	NA	NA	NA	NA	NA	NA	NA	11	SD
NA	eng	SALT Conversation	NA	4;0 to 4;4	NA	TD	NA	NA	NA	NA	NA	NA	Conversation	NA	113.29	108.36	4.11	4.51	NA	NA	NA	157.71	436.71	NA	NA	0.75	NA	NA	NA	NA	NA	NA	NA	NA	NA	NA	NA	NA	NA	NA	NA	NA	NA	NA	NA	NA	NA	14	Mean
NA	eng	SALT Conversation	NA	4;0 to 4;4	NA	TD	NA	NA	NA	NA	NA	NA	Conversation	NA	44.24	43.91	0.77	0.85	NA	NA	NA	48.4	194.93	NA	NA	0.14	NA	NA	NA	NA	NA	NA	NA	NA	NA	NA	NA	NA	NA	NA	NA	NA	NA	NA	NA	NA	NA	14	SD
NA	eng	SALT Conversation	NA	4;7 to 5;0	NA	TD	NA	NA	NA	NA	NA	NA	Conversation	NA	58.25	51.5	4.62	5.1	NA	NA	NA	96.75	238	NA	NA	0.9	NA	NA	NA	NA	NA	NA	NA	NA	NA	NA	NA	NA	NA	NA	NA	NA	NA	NA	NA	NA	NA	8	Mean
NA	eng	SALT Conversation	NA	4;7 to 5;0	NA	TD	NA	NA	NA	NA	NA	NA	Conversation	NA	25.29	23.16	0.65	0.64	NA	NA	NA	34.83	104.76	NA	NA	0.13	NA	NA	NA	NA	NA	NA	NA	NA	NA	NA	NA	NA	NA	NA	NA	NA	NA	NA	NA	NA	NA	8	SD
NA	eng	SALT Conversation	NA	5;0 to 5;6	NA	TD	NA	NA	NA	NA	NA	NA	Conversation	NA	117.76	108.98	4.86	5.34	NA	NA	NA	180.5	536.33	NA	NA	0.93	NA	NA	NA	NA	NA	NA	NA	NA	NA	NA	NA	NA	NA	NA	NA	NA	NA	NA	NA	NA	NA	54	Mean
NA	eng	SALT Conversation	NA	5;0 to 5;6	NA	TD	NA	NA	NA	NA	NA	NA	Conversation	NA	63.39	60.86	0.98	1.07	NA	NA	NA	74.69	327.66	NA	NA	0.2	NA	NA	NA	NA	NA	NA	NA	NA	NA	NA	NA	NA	NA	NA	NA	NA	NA	NA	NA	NA	NA	54	SD
NA	eng	SALT Conversation	NA	5;6 to 6;0	NA	TD	NA	NA	NA	NA	NA	NA	Conversation	NA	92.4	85.48	4.86	5.36	NA	NA	NA	152.42	416.3	NA	NA	0.92	NA	NA	NA	NA	NA	NA	NA	NA	NA	NA	NA	NA	NA	NA	NA	NA	NA	NA	NA	NA	NA	90	Mean
NA	eng	SALT Conversation	NA	5;6 to 6;0	NA	TD	NA	NA	NA	NA	NA	NA	Conversation	NA	52.63	50.3	0.99	1.1	NA	NA	NA	57.98	238.94	NA	NA	0.23	NA	NA	NA	NA	NA	NA	NA	NA	NA	NA	NA	NA	NA	NA	NA	NA	NA	NA	NA	NA	NA	90	SD
NA	eng	SALT Conversation	NA	6;0 to 6;6	NA	TD	NA	NA	NA	NA	NA	NA	Conversation	NA	94	87.82	5.11	5.64	NA	NA	NA	159.32	435.03	NA	NA	0.96	NA	NA	NA	NA	NA	NA	NA	NA	NA	NA	NA	NA	NA	NA	NA	NA	NA	NA	NA	NA	NA	68	Mean
NA	eng	SALT Conversation	NA	6;0 to 6;6	NA	TD	NA	NA	NA	NA	NA	NA	Conversation	NA	62.69	59.46	1.11	1.22	NA	NA	NA	65.32	285.23	NA	NA	0.24	NA	NA	NA	NA	NA	NA	NA	NA	NA	NA	NA	NA	NA	NA	NA	NA	NA	NA	NA	NA	NA	68	SD
NA	eng	SALT Conversation	NA	6;6 to 7;0	NA	TD	NA	NA	NA	NA	NA	NA	Conversation	NA	93.88	87.87	5.67	6.22	NA	NA	NA	166.88	483.4	NA	NA	1.08	NA	NA	NA	NA	NA	NA	NA	NA	NA	NA	NA	NA	NA	NA	NA	NA	NA	NA	NA	NA	NA	67	Mean
NA	eng	SALT Conversation	NA	6;6 to 7;0	NA	TD	NA	NA	NA	NA	NA	NA	Conversation	NA	66.69	62.8	1.17	1.3	NA	NA	NA	73.35	337.65	NA	NA	0.25	NA	NA	NA	NA	NA	NA	NA	NA	NA	NA	NA	NA	NA	NA	NA	NA	NA	NA	NA	NA	NA	67	SD
NA	eng	SALT Conversation	NA	7;0 to 7;6	NA	TD	NA	NA	NA	NA	NA	NA	Conversation	NA	136.93	128.58	5.48	6.04	NA	NA	NA	213.64	685.73	NA	NA	1.03	NA	NA	NA	NA	NA	NA	NA	NA	NA	NA	NA	NA	NA	NA	NA	NA	NA	NA	NA	NA	NA	84	Mean
NA	eng	SALT Conversation	NA	7;0 to 7;6	NA	TD	NA	NA	NA	NA	NA	NA	Conversation	NA	86.66	81.83	1.17	1.29	NA	NA	NA	87.35	428.84	NA	NA	0.27	NA	NA	NA	NA	NA	NA	NA	NA	NA	NA	NA	NA	NA	NA	NA	NA	NA	NA	NA	NA	NA	84	SD
NA	eng	SALT Conversation	NA	7;6 to 8;0	NA	TD	NA	NA	NA	NA	NA	NA	Conversation	NA	85.82	78.79	5.68	6.32	NA	NA	NA	166.62	451.28	NA	NA	1.09	NA	NA	NA	NA	NA	NA	NA	NA	NA	NA	NA	NA	NA	NA	NA	NA	NA	NA	NA	NA	NA	39	Mean
NA	eng	SALT Conversation	NA	7;6 to 8;0	NA	TD	NA	NA	NA	NA	NA	NA	Conversation	NA	43.79	40.81	1.51	1.66	NA	NA	NA	64.95	303.07	NA	NA	0.32	NA	NA	NA	NA	NA	NA	NA	NA	NA	NA	NA	NA	NA	NA	NA	NA	NA	NA	NA	NA	NA	39	SD
NA	eng	SALT Conversation	NA	8;0 to 8;6	NA	TD	NA	NA	NA	NA	NA	NA	Conversation	NA	129.87	119.96	5.95	6.59	NA	NA	NA	229.23	712.46	NA	NA	1.12	NA	NA	NA	NA	NA	NA	NA	NA	NA	NA	NA	NA	NA	NA	NA	NA	NA	NA	NA	NA	NA	52	Mean
NA	eng	SALT Conversation	NA	8;0 to 8;6	NA	TD	NA	NA	NA	NA	NA	NA	Conversation	NA	58.23	55.66	1.11	1.23	NA	NA	NA	79.93	360.39	NA	NA	0.23	NA	NA	NA	NA	NA	NA	NA	NA	NA	NA	NA	NA	NA	NA	NA	NA	NA	NA	NA	NA	NA	52	SD
NA	eng	SALT Conversation	NA	8;6 to 9;0	NA	TD	NA	NA	NA	NA	NA	NA	Conversation	NA	138.72	129.65	6.28	6.92	NA	NA	NA	236.53	779.05	NA	NA	1.17	NA	NA	NA	NA	NA	NA	NA	NA	NA	NA	NA	NA	NA	NA	NA	NA	NA	NA	NA	NA	NA	43	Mean
NA	eng	SALT Conversation	NA	8;6 to 9;0	NA	TD	NA	NA	NA	NA	NA	NA	Conversation	NA	87.14	81.4	1.01	1.11	NA	NA	NA	91.37	462.69	NA	NA	0.22	NA	NA	NA	NA	NA	NA	NA	NA	NA	NA	NA	NA	NA	NA	NA	NA	NA	NA	NA	NA	NA	43	SD
NA	eng	SALT Conversation	NA	9;0 to 9;6	NA	TD	NA	NA	NA	NA	NA	NA	Conversation	NA	142.94	133.08	6.19	6.84	NA	NA	NA	239.08	797.54	NA	NA	1.17	NA	NA	NA	NA	NA	NA	NA	NA	NA	NA	NA	NA	NA	NA	NA	NA	NA	NA	NA	NA	NA	52	Mean
NA	eng	SALT Conversation	NA	9;0 to 9;6	NA	TD	NA	NA	NA	NA	NA	NA	Conversation	NA	99.55	91.76	1.09	1.2	NA	NA	NA	107.65	539.86	NA	NA	0.25	NA	NA	NA	NA	NA	NA	NA	NA	NA	NA	NA	NA	NA	NA	NA	NA	NA	NA	NA	NA	NA	52	SD
NA	eng	SALT Conversation	NA	9;6 to 9;11	NA	TD	NA	NA	NA	NA	NA	NA	Conversation	NA	66.44	63.11	6.28	7.03	NA	NA	NA	151.44	377.22	NA	NA	1.16	NA	NA	NA	NA	NA	NA	NA	NA	NA	NA	NA	NA	NA	NA	NA	NA	NA	NA	NA	NA	NA	9	Mean
NA	eng	SALT Conversation	NA	9;6 to 9;11	NA	TD	NA	NA	NA	NA	NA	NA	Conversation	NA	28.07	26.73	1.11	1.26	NA	NA	NA	33.76	115.56	NA	NA	0.22	NA	NA	NA	NA	NA	NA	NA	NA	NA	NA	NA	NA	NA	NA	NA	NA	NA	NA	NA	NA	NA	9	SD
NA	eng	SALT Conversation	NA	10;9 to 11;3	NA	TD	NA	NA	NA	NA	NA	NA	Conversation	NA	233.68	218.88	6.14	6.74	NA	NA	NA	355.36	1346.2	NA	NA	1.09	NA	NA	NA	NA	NA	NA	NA	NA	NA	NA	NA	NA	NA	NA	NA	NA	NA	NA	NA	NA	NA	25	Mean
NA	eng	SALT Conversation	NA	10;9 to 11;3	NA	TD	NA	NA	NA	NA	NA	NA	Conversation	NA	45.46	42.61	1.28	1.41	NA	NA	NA	65.41	376.89	NA	NA	0.25	NA	NA	NA	NA	NA	NA	NA	NA	NA	NA	NA	NA	NA	NA	NA	NA	NA	NA	NA	NA	NA	25	SD
NA	eng	SALT Conversation	NA	12;9 to 13;3	NA	TD	NA	NA	NA	NA	NA	NA	Conversation	NA	229.93	212.04	5.78	6.38	NA	NA	NA	330.37	1233.63	NA	NA	1.07	NA	NA	NA	NA	NA	NA	NA	NA	NA	NA	NA	NA	NA	NA	NA	NA	NA	NA	NA	NA	NA	27	Mean
NA	eng	SALT Conversation	NA	12;9 to 13;3	NA	TD	NA	NA	NA	NA	NA	NA	Conversation	NA	47.86	40.1	1	1.06	NA	NA	NA	61.65	338.85	NA	NA	0.22	NA	NA	NA	NA	NA	NA	NA	NA	NA	NA	NA	NA	NA	NA	NA	NA	NA	NA	NA	NA	NA	27	SD
NA	eng	SALT Persuasion	NA	12;10 to 13;11	NA	TD	NA	NA	NA	NA	NA	NA	Persuasion	NA	21.04	19.68	15.22	16.82	NA	NA	NA	119.36	286.21	NA	NA	2.91	NA	NA	NA	NA	NA	NA	NA	NA	NA	NA	NA	NA	NA	NA	NA	NA	NA	NA	NA	NA	NA	28	Mean
NA	eng	SALT Persuasion	NA	12;10 to 13;11	NA	TD	NA	NA	NA	NA	NA	NA	Persuasion	NA	11.75	11.15	4.04	4.48	NA	NA	NA	40.45	153.2	NA	NA	0.71	NA	NA	NA	NA	NA	NA	NA	NA	NA	NA	NA	NA	NA	NA	NA	NA	NA	NA	NA	NA	NA	28	SD
NA	eng	SALT Persuasion	NA	14;7 to 15;0	NA	TD	NA	NA	NA	NA	NA	NA	Persuasion	NA	29.8	28.87	16.25	17.99	NA	NA	NA	164.2	462.47	NA	NA	3.09	NA	NA	NA	NA	NA	NA	NA	NA	NA	NA	NA	NA	NA	NA	NA	NA	NA	NA	NA	NA	NA	15	Mean
NA	eng	SALT Persuasion	NA	14;7 to 15;0	NA	TD	NA	NA	NA	NA	NA	NA	Persuasion	NA	17.66	17.32	2.25	2.47	NA	NA	NA	55.77	278.3	NA	NA	0.48	NA	NA	NA	NA	NA	NA	NA	NA	NA	NA	NA	NA	NA	NA	NA	NA	NA	NA	NA	NA	NA	15	SD
NA	eng	SALT Persuasion	NA	15;0 to 15;11	NA	TD	NA	NA	NA	NA	NA	NA	Persuasion	NA	27.92	26.62	16.35	18.03	NA	NA	NA	150.96	421.44	NA	NA	3.06	NA	NA	NA	NA	NA	NA	NA	NA	NA	NA	NA	NA	NA	NA	NA	NA	NA	NA	NA	NA	NA	52	Mean
NA	eng	SALT Persuasion	NA	15;0 to 15;11	NA	TD	NA	NA	NA	NA	NA	NA	Persuasion	NA	13.85	14.02	3.45	3.8	NA	NA	NA	49.54	204.28	NA	NA	0.74	NA	NA	NA	NA	NA	NA	NA	NA	NA	NA	NA	NA	NA	NA	NA	NA	NA	NA	NA	NA	NA	52	SD
NA	eng	SALT Persuasion	NA	16;1 to 17;0	NA	TD	NA	NA	NA	NA	NA	NA	Persuasion	NA	35.38	33.5	16.66	18.31	NA	NA	NA	174.38	528.31	NA	NA	3.07	NA	NA	NA	NA	NA	NA	NA	NA	NA	NA	NA	NA	NA	NA	NA	NA	NA	NA	NA	NA	NA	32	Mean
NA	eng	SALT Persuasion	NA	16;1 to 17;0	NA	TD	NA	NA	NA	NA	NA	NA	Persuasion	NA	19.4	18.27	3.35	3.66	NA	NA	NA	56.76	250.42	NA	NA	0.57	NA	NA	NA	NA	NA	NA	NA	NA	NA	NA	NA	NA	NA	NA	NA	NA	NA	NA	NA	NA	NA	32	SD
NA	eng	SALT Persuasion	NA	17;0 to 18;0	NA	TD	NA	NA	NA	NA	NA	NA	Persuasion	NA	32.24	31.31	16.83	18.55	NA	NA	NA	173.4	505.53	NA	NA	3.17	NA	NA	NA	NA	NA	NA	NA	NA	NA	NA	NA	NA	NA	NA	NA	NA	NA	NA	NA	NA	NA	45	Mean
NA	eng	SALT Persuasion	NA	17;0 to 18;0	NA	TD	NA	NA	NA	NA	NA	NA	Persuasion	NA	17.25	16.6	4.21	4.7	NA	NA	NA	63.45	255.72	NA	NA	0.66	NA	NA	NA	NA	NA	NA	NA	NA	NA	NA	NA	NA	NA	NA	NA	NA	NA	NA	NA	NA	NA	45	SD
NA	eng	SALT Persuasion	NA	18;0 to 18;9	NA	TD	NA	NA	NA	NA	NA	NA	Persuasion	NA	34.89	33.95	16.88	18.68	NA	NA	NA	185.11	546.58	NA	NA	3.3	NA	NA	NA	NA	NA	NA	NA	NA	NA	NA	NA	NA	NA	NA	NA	NA	NA	NA	NA	NA	NA	19	Mean
NA	eng	SALT Persuasion	NA	18;0 to 18;9	NA	TD	NA	NA	NA	NA	NA	NA	Persuasion	NA	18.21	17.88	3.77	4.11	NA	NA	NA	63.12	269.14	NA	NA	0.72	NA	NA	NA	NA	NA	NA	NA	NA	NA	NA	NA	NA	NA	NA	NA	NA	NA	NA	NA	NA	NA	19	SD
NA	eng	SALT Expository	NA	11;0 to 12;0	NA	TD	NA	NA	NA	NA	NA	NA	Exposition	NA	55.56	53.77	11.65	12.75	NA	NA	NA	174.97	620.41	NA	NA	2.3	NA	NA	NA	NA	NA	NA	NA	NA	NA	NA	NA	NA	NA	NA	NA	NA	NA	NA	NA	NA	NA	88	Mean
NA	eng	SALT Expository	NA	11;0 to 12;0	NA	TD	NA	NA	NA	NA	NA	NA	Exposition	NA	25.73	24.68	1.84	1.98	NA	NA	NA	49.21	296.38	NA	NA	0.38	NA	NA	NA	NA	NA	NA	NA	NA	NA	NA	NA	NA	NA	NA	NA	NA	NA	NA	NA	NA	NA	88	SD
NA	eng	SALT Expository	NA	12;0 to 13;0	NA	TD	NA	NA	NA	NA	NA	NA	Exposition	NA	51.44	50.12	11.84	13	NA	NA	NA	173.4	585.39	NA	NA	2.3	NA	NA	NA	NA	NA	NA	NA	NA	NA	NA	NA	NA	NA	NA	NA	NA	NA	NA	NA	NA	NA	57	Mean
NA	eng	SALT Expository	NA	12;0 to 13;0	NA	TD	NA	NA	NA	NA	NA	NA	Exposition	NA	19.95	19.43	1.66	1.79	NA	NA	NA	43.09	218.29	NA	NA	0.36	NA	NA	NA	NA	NA	NA	NA	NA	NA	NA	NA	NA	NA	NA	NA	NA	NA	NA	NA	NA	NA	57	SD
NA	eng	SALT Expository	NA	13;0 to 14;0	NA	TD	NA	NA	NA	NA	NA	NA	Exposition	NA	59.53	58.03	12.27	13.48	NA	NA	NA	192.82	698.09	NA	NA	2.31	NA	NA	NA	NA	NA	NA	NA	NA	NA	NA	NA	NA	NA	NA	NA	NA	NA	NA	NA	NA	NA	34	Mean
NA	eng	SALT Expository	NA	13;0 to 14;0	NA	TD	NA	NA	NA	NA	NA	NA	Exposition	NA	36.4	36.07	1.8	1.93	NA	NA	NA	62.41	438.37	NA	NA	0.39	NA	NA	NA	NA	NA	NA	NA	NA	NA	NA	NA	NA	NA	NA	NA	NA	NA	NA	NA	NA	NA	34	SD
NA	eng	SALT Expository	NA	14;0 to 15;0	NA	TD	NA	NA	NA	NA	NA	NA	Exposition	NA	62.38	60.59	12.5	13.77	NA	NA	NA	209.38	775.24	NA	NA	2.33	NA	NA	NA	NA	NA	NA	NA	NA	NA	NA	NA	NA	NA	NA	NA	NA	NA	NA	NA	NA	NA	34	Mean
NA	eng	SALT Expository	NA	14;0 to 15;0	NA	TD	NA	NA	NA	NA	NA	NA	Exposition	NA	39.02	38.28	2.24	2.43	NA	NA	NA	78.36	537.58	NA	NA	0.35	NA	NA	NA	NA	NA	NA	NA	NA	NA	NA	NA	NA	NA	NA	NA	NA	NA	NA	NA	NA	NA	34	SD
NA	eng	SALT Expository	NA	15;0 to 15;11	NA	TD	NA	NA	NA	NA	NA	NA	Exposition	NA	57.54	55.95	12.9	14.24	NA	NA	NA	204.38	718.38	NA	NA	2.39	NA	NA	NA	NA	NA	NA	NA	NA	NA	NA	NA	NA	NA	NA	NA	NA	NA	NA	NA	NA	NA	65	Mean
NA	eng	SALT Expository	NA	15;0 to 15;11	NA	TD	NA	NA	NA	NA	NA	NA	Exposition	NA	25.39	24.88	2.04	2.23	NA	NA	NA	56.53	348.12	NA	NA	0.38	NA	NA	NA	NA	NA	NA	NA	NA	NA	NA	NA	NA	NA	NA	NA	NA	NA	NA	NA	NA	NA	65	SD
NA	eng	SALT Expository	NA	16;1 to 17;0	NA	TD	NA	NA	NA	NA	NA	NA	Exposition	NA	66.37	64.48	12.75	14.01	NA	NA	NA	214.41	786.22	NA	NA	2.42	NA	NA	NA	NA	NA	NA	NA	NA	NA	NA	NA	NA	NA	NA	NA	NA	NA	NA	NA	NA	NA	27	Mean
NA	eng	SALT Expository	NA	16;1 to 17;0	NA	TD	NA	NA	NA	NA	NA	NA	Exposition	NA	39.48	38.79	2.36	2.5	NA	NA	NA	67.64	407.61	NA	NA	0.47	NA	NA	NA	NA	NA	NA	NA	NA	NA	NA	NA	NA	NA	NA	NA	NA	NA	NA	NA	NA	NA	27	SD
NA	eng	SALT Expository	NA	17;0 to 18;0	NA	TD	NA	NA	NA	NA	NA	NA	Exposition	NA	70.68	67.77	12.88	14.18	NA	NA	NA	227.68	872.23	NA	NA	2.37	NA	NA	NA	NA	NA	NA	NA	NA	NA	NA	NA	NA	NA	NA	NA	NA	NA	NA	NA	NA	NA	31	Mean
NA	eng	SALT Expository	NA	17;0 to 18;0	NA	TD	NA	NA	NA	NA	NA	NA	Exposition	NA	34.77	33.25	2.38	2.57	NA	NA	NA	71.3	485.57	NA	NA	0.37	NA	NA	NA	NA	NA	NA	NA	NA	NA	NA	NA	NA	NA	NA	NA	NA	NA	NA	NA	NA	NA	31	SD
NA	eng	SALT Expository	NA	18;0 to 18;9	NA	TD	NA	NA	NA	NA	NA	NA	Exposition	NA	76.39	74	12.61	13.95	NA	NA	NA	234.78	927.33	NA	NA	2.36	NA	NA	NA	NA	NA	NA	NA	NA	NA	NA	NA	NA	NA	NA	NA	NA	NA	NA	NA	NA	NA	18	Mean
NA	eng	SALT Expository	NA	18;0 to 18;9	NA	TD	NA	NA	NA	NA	NA	NA	Exposition	NA	63.17	60.88	2.33	2.53	NA	NA	NA	120.83	812.5	NA	NA	0.46	NA	NA	NA	NA	NA	NA	NA	NA	NA	NA	NA	NA	NA	NA	NA	NA	NA	NA	NA	NA	NA	18	SD
NA	eng	SALT ENNI	NA	4;0 to 4;6	NA	TD	NA	NA	NA	NA	NA	NA	Picture narrative	NA	57.75	56.69	5.66	6.12	NA	NA	NA	103.06	321.25	NA	NA	1.13	NA	NA	NA	NA	NA	NA	NA	NA	NA	NA	NA	NA	NA	NA	NA	NA	NA	NA	NA	NA	NA	16	Mean
NA	eng	SALT ENNI	NA	4;0 to 4;6	NA	TD	NA	NA	NA	NA	NA	NA	Picture narrative	NA	6.1	5.85	0.95	0.99	NA	NA	NA	23.02	64.86	NA	NA	0.28	NA	NA	NA	NA	NA	NA	NA	NA	NA	NA	NA	NA	NA	NA	NA	NA	NA	NA	NA	NA	NA	16	SD
NA	eng	SALT ENNI	NA	4;6 to 5;0	NA	TD	NA	NA	NA	NA	NA	NA	Picture narrative	NA	71.74	71	6.62	7.08	NA	NA	NA	134.44	474.53	NA	NA	1.31	NA	NA	NA	NA	NA	NA	NA	NA	NA	NA	NA	NA	NA	NA	NA	NA	NA	NA	NA	NA	NA	34	Mean
NA	eng	SALT ENNI	NA	4;6 to 5;0	NA	TD	NA	NA	NA	NA	NA	NA	Picture narrative	NA	16.71	16.54	0.99	1.03	NA	NA	NA	30.62	146.66	NA	NA	0.16	NA	NA	NA	NA	NA	NA	NA	NA	NA	NA	NA	NA	NA	NA	NA	NA	NA	NA	NA	NA	NA	34	SD
NA	eng	SALT ENNI	NA	5;0 to 5;6	NA	TD	NA	NA	NA	NA	NA	NA	Picture narrative	NA	75.63	75.25	7.06	7.56	NA	NA	NA	142.19	532.94	NA	NA	1.36	NA	NA	NA	NA	NA	NA	NA	NA	NA	NA	NA	NA	NA	NA	NA	NA	NA	NA	NA	NA	NA	32	Mean
NA	eng	SALT ENNI	NA	5;0 to 5;6	NA	TD	NA	NA	NA	NA	NA	NA	Picture narrative	NA	26.77	26.53	0.73	0.71	NA	NA	NA	37.54	200.64	NA	NA	0.13	NA	NA	NA	NA	NA	NA	NA	NA	NA	NA	NA	NA	NA	NA	NA	NA	NA	NA	NA	NA	NA	32	SD
NA	eng	SALT ENNI	NA	5;6 to 6;0	NA	TD	NA	NA	NA	NA	NA	NA	Picture narrative	NA	75.13	74.69	7.27	7.81	NA	NA	NA	141.25	547.41	NA	NA	1.38	NA	NA	NA	NA	NA	NA	NA	NA	NA	NA	NA	NA	NA	NA	NA	NA	NA	NA	NA	NA	NA	32	Mean
NA	eng	SALT ENNI	NA	5;6 to 6;0	NA	TD	NA	NA	NA	NA	NA	NA	Picture narrative	NA	24.83	24.54	1.02	1.05	NA	NA	NA	34.39	203.11	NA	NA	0.19	NA	NA	NA	NA	NA	NA	NA	NA	NA	NA	NA	NA	NA	NA	NA	NA	NA	NA	NA	NA	NA	32	SD
NA	eng	SALT ENNI	NA	6;0 to 6;6	NA	TD	NA	NA	NA	NA	NA	NA	Picture narrative	NA	70.23	70.09	7.04	7.63	NA	NA	NA	136.64	496.55	NA	NA	1.35	NA	NA	NA	NA	NA	NA	NA	NA	NA	NA	NA	NA	NA	NA	NA	NA	NA	NA	NA	NA	NA	22	Mean
NA	eng	SALT ENNI	NA	6;0 to 6;6	NA	TD	NA	NA	NA	NA	NA	NA	Picture narrative	NA	18.11	18.19	0.88	0.88	NA	NA	NA	25.76	146.85	NA	NA	0.13	NA	NA	NA	NA	NA	NA	NA	NA	NA	NA	NA	NA	NA	NA	NA	NA	NA	NA	NA	NA	NA	22	SD
NA	eng	SALT ENNI	NA	6;6 to 7;0	NA	TD	NA	NA	NA	NA	NA	NA	Picture narrative	NA	74.3	73.84	7.09	7.69	NA	NA	NA	145.24	527.38	NA	NA	1.37	NA	NA	NA	NA	NA	NA	NA	NA	NA	NA	NA	NA	NA	NA	NA	NA	NA	NA	NA	NA	NA	37	Mean
NA	eng	SALT ENNI	NA	6;6 to 7;0	NA	TD	NA	NA	NA	NA	NA	NA	Picture narrative	NA	22.09	21.85	1.13	1.2	NA	NA	NA	35.13	184.57	NA	NA	0.17	NA	NA	NA	NA	NA	NA	NA	NA	NA	NA	NA	NA	NA	NA	NA	NA	NA	NA	NA	NA	NA	37	SD
NA	eng	SALT ENNI	NA	7;0 to 7;6	NA	TD	NA	NA	NA	NA	NA	NA	Picture narrative	NA	74.37	74.04	8	8.7	NA	NA	NA	155.26	592.74	NA	NA	1.48	NA	NA	NA	NA	NA	NA	NA	NA	NA	NA	NA	NA	NA	NA	NA	NA	NA	NA	NA	NA	NA	27	Mean
NA	eng	SALT ENNI	NA	7;0 to 7;6	NA	TD	NA	NA	NA	NA	NA	NA	Picture narrative	NA	20.13	20.06	1.06	1.14	NA	NA	NA	30.18	170.91	NA	NA	0.21	NA	NA	NA	NA	NA	NA	NA	NA	NA	NA	NA	NA	NA	NA	NA	NA	NA	NA	NA	NA	NA	27	SD
NA	eng	SALT ENNI	NA	7;6 to 8;0	NA	TD	NA	NA	NA	NA	NA	NA	Picture narrative	NA	74.17	74.03	7.7	8.39	NA	NA	NA	153.97	572.89	NA	NA	1.47	NA	NA	NA	NA	NA	NA	NA	NA	NA	NA	NA	NA	NA	NA	NA	NA	NA	NA	NA	NA	NA	36	Mean
NA	eng	SALT ENNI	NA	7;6 to 8;0	NA	TD	NA	NA	NA	NA	NA	NA	Picture narrative	NA	16.27	16.12	1.07	1.2	NA	NA	NA	27.06	157.24	NA	NA	0.17	NA	NA	NA	NA	NA	NA	NA	NA	NA	NA	NA	NA	NA	NA	NA	NA	NA	NA	NA	NA	NA	36	SD
NA	eng	SALT ENNI	NA	8;0 to 8;6	NA	TD	NA	NA	NA	NA	NA	NA	Picture narrative	NA	73.8	73.65	7.87	8.65	NA	NA	NA	155.65	583.05	NA	NA	1.51	NA	NA	NA	NA	NA	NA	NA	NA	NA	NA	NA	NA	NA	NA	NA	NA	NA	NA	NA	NA	NA	20	Mean
NA	eng	SALT ENNI	NA	8;0 to 8;6	NA	TD	NA	NA	NA	NA	NA	NA	Picture narrative	NA	13.21	13.26	1	1.2	NA	NA	NA	20.19	147.26	NA	NA	0.15	NA	NA	NA	NA	NA	NA	NA	NA	NA	NA	NA	NA	NA	NA	NA	NA	NA	NA	NA	NA	NA	20	SD
NA	eng	SALT ENNI	NA	8;6 to 9;0	NA	TD	NA	NA	NA	NA	NA	NA	Picture narrative	NA	79.59	79.51	8.09	8.8	NA	NA	NA	175.76	652.41	NA	NA	1.59	NA	NA	NA	NA	NA	NA	NA	NA	NA	NA	NA	NA	NA	NA	NA	NA	NA	NA	NA	NA	NA	37	Mean
NA	eng	SALT ENNI	NA	8;6 to 9;0	NA	TD	NA	NA	NA	NA	NA	NA	Picture narrative	NA	24.14	24.17	0.98	1.08	NA	NA	NA	46.56	236.24	NA	NA	0.17	NA	NA	NA	NA	NA	NA	NA	NA	NA	NA	NA	NA	NA	NA	NA	NA	NA	NA	NA	NA	NA	37	SD
NA	eng	SALT ENNI	NA	9;0 to 9;6	NA	TD	NA	NA	NA	NA	NA	NA	Picture narrative	NA	76.93	76.9	8.5	9.27	NA	NA	NA	173.37	660.37	NA	NA	1.67	NA	NA	NA	NA	NA	NA	NA	NA	NA	NA	NA	NA	NA	NA	NA	NA	NA	NA	NA	NA	NA	30	Mean
NA	eng	SALT ENNI	NA	9;0 to 9;6	NA	TD	NA	NA	NA	NA	NA	NA	Picture narrative	NA	20.1	20.12	0.85	0.97	NA	NA	NA	36.55	220.33	NA	NA	0.16	NA	NA	NA	NA	NA	NA	NA	NA	NA	NA	NA	NA	NA	NA	NA	NA	NA	NA	NA	NA	NA	30	SD
NA	eng	SALT ENNI	NA	9;6 to 10;0	NA	TD	NA	NA	NA	NA	NA	NA	Picture narrative	NA	78	77.92	8.08	8.97	NA	NA	NA	166.69	640.62	NA	NA	1.55	NA	NA	NA	NA	NA	NA	NA	NA	NA	NA	NA	NA	NA	NA	NA	NA	NA	NA	NA	NA	NA	26	Mean
NA	eng	SALT ENNI	NA	9;6 to 10;0	NA	TD	NA	NA	NA	NA	NA	NA	Picture narrative	NA	26.37	26.37	1.06	1.2	NA	NA	NA	33.19	274.72	NA	NA	0.18	NA	NA	NA	NA	NA	NA	NA	NA	NA	NA	NA	NA	NA	NA	NA	NA	NA	NA	NA	NA	NA	26	SD
NA	eng	SALT Narrative SSS	NA	5;2 to 5;6	NA	TD	NA	NA	NA	NA	NA	NA	Narration	NA	37.03	34.25	6.2	6.85	NA	NA	NA	78.25	199.97	NA	NA	1.18	NA	NA	NA	NA	NA	NA	NA	NA	NA	NA	NA	NA	NA	NA	NA	NA	NA	NA	NA	NA	NA	36	Mean
NA	eng	SALT Narrative SSS	NA	5;2 to 5;6	NA	TD	NA	NA	NA	NA	NA	NA	Narration	NA	32.59	30.15	0.96	1	NA	NA	NA	47.09	168.26	NA	NA	0.17	NA	NA	NA	NA	NA	NA	NA	NA	NA	NA	NA	NA	NA	NA	NA	NA	NA	NA	NA	NA	NA	36	SD
NA	eng	SALT Narrative SSS	NA	5;6 to 6;0	NA	TD	NA	NA	NA	NA	NA	NA	Narration	NA	36.04	33.38	6.47	7.1	NA	NA	NA	75.87	209.04	NA	NA	1.22	NA	NA	NA	NA	NA	NA	NA	NA	NA	NA	NA	NA	NA	NA	NA	NA	NA	NA	NA	NA	NA	52	Mean
NA	eng	SALT Narrative SSS	NA	5;6 to 6;0	NA	TD	NA	NA	NA	NA	NA	NA	Narration	NA	15.86	15.09	1.54	1.61	NA	NA	NA	25.67	92.31	NA	NA	0.2	NA	NA	NA	NA	NA	NA	NA	NA	NA	NA	NA	NA	NA	NA	NA	NA	NA	NA	NA	NA	NA	52	SD
NA	eng	SALT Narrative SSS	NA	6;0 to 6;6	NA	TD	NA	NA	NA	NA	NA	NA	Narration	NA	32.62	30.81	6.98	7.63	NA	NA	NA	81.97	208.76	NA	NA	1.29	NA	NA	NA	NA	NA	NA	NA	NA	NA	NA	NA	NA	NA	NA	NA	NA	NA	NA	NA	NA	NA	37	Mean
NA	eng	SALT Narrative SSS	NA	6;0 to 6;6	NA	TD	NA	NA	NA	NA	NA	NA	Narration	NA	17.55	16.59	1.33	1.45	NA	NA	NA	31.05	103.35	NA	NA	0.21	NA	NA	NA	NA	NA	NA	NA	NA	NA	NA	NA	NA	NA	NA	NA	NA	NA	NA	NA	NA	NA	37	SD
NA	eng	SALT Narrative SSS	NA	6;6 to 7;0	NA	TD	NA	NA	NA	NA	NA	NA	Narration	NA	45.8	41.67	7.09	7.73	NA	NA	NA	98.53	292.3	NA	NA	1.33	NA	NA	NA	NA	NA	NA	NA	NA	NA	NA	NA	NA	NA	NA	NA	NA	NA	NA	NA	NA	NA	30	Mean
NA	eng	SALT Narrative SSS	NA	6;6 to 7;0	NA	TD	NA	NA	NA	NA	NA	NA	Narration	NA	23.76	21.59	1.19	1.31	NA	NA	NA	37.86	148.84	NA	NA	0.22	NA	NA	NA	NA	NA	NA	NA	NA	NA	NA	NA	NA	NA	NA	NA	NA	NA	NA	NA	NA	NA	30	SD
NA	eng	SALT Narrative SSS	NA	7;0 to 7;6	NA	TD	NA	NA	NA	NA	NA	NA	Narration	NA	48.58	45.42	7.16	7.85	NA	NA	NA	108	322.84	NA	NA	1.38	NA	NA	NA	NA	NA	NA	NA	NA	NA	NA	NA	NA	NA	NA	NA	NA	NA	NA	NA	NA	NA	62	Mean
NA	eng	SALT Narrative SSS	NA	7;0 to 7;6	NA	TD	NA	NA	NA	NA	NA	NA	Narration	NA	26.76	24.39	1.04	1.13	NA	NA	NA	39.74	163.95	NA	NA	0.23	NA	NA	NA	NA	NA	NA	NA	NA	NA	NA	NA	NA	NA	NA	NA	NA	NA	NA	NA	NA	NA	62	SD
NA	eng	SALT Narrative SSS	NA	7;6 to 8;0	NA	TD	NA	NA	NA	NA	NA	NA	Narration	NA	55.79	52.26	7.74	8.5	NA	NA	NA	137.53	420.05	NA	NA	1.5	NA	NA	NA	NA	NA	NA	NA	NA	NA	NA	NA	NA	NA	NA	NA	NA	NA	NA	NA	NA	NA	19	Mean
NA	eng	SALT Narrative SSS	NA	7;6 to 8;0	NA	TD	NA	NA	NA	NA	NA	NA	Narration	NA	32.61	30.01	1.54	1.7	NA	NA	NA	65.57	292.08	NA	NA	0.31	NA	NA	NA	NA	NA	NA	NA	NA	NA	NA	NA	NA	NA	NA	NA	NA	NA	NA	NA	NA	NA	19	SD
NA	eng	SALT Narrative SSS	NA	8;0 to 8;6	NA	TD	NA	NA	NA	NA	NA	NA	Narration	NA	77.78	70.53	8.04	8.86	NA	NA	NA	166.06	557.03	NA	NA	1.58	NA	NA	NA	NA	NA	NA	NA	NA	NA	NA	NA	NA	NA	NA	NA	NA	NA	NA	NA	NA	NA	36	Mean
NA	eng	SALT Narrative SSS	NA	8;0 to 8;6	NA	TD	NA	NA	NA	NA	NA	NA	Narration	NA	51.03	44.95	1.44	1.59	NA	NA	NA	77.26	353.69	NA	NA	0.27	NA	NA	NA	NA	NA	NA	NA	NA	NA	NA	NA	NA	NA	NA	NA	NA	NA	NA	NA	NA	NA	36	SD
NA	eng	SALT Narrative SSS	NA	8;6 to 9;0	NA	TD	NA	NA	NA	NA	NA	NA	Narration	NA	70.35	64.78	7.91	8.75	NA	NA	NA	150	506.35	NA	NA	1.52	NA	NA	NA	NA	NA	NA	NA	NA	NA	NA	NA	NA	NA	NA	NA	NA	NA	NA	NA	NA	NA	23	Mean
NA	eng	SALT Narrative SSS	NA	8;6 to 9;0	NA	TD	NA	NA	NA	NA	NA	NA	Narration	NA	38.43	32.76	0.95	1.14	NA	NA	NA	66.27	262.79	NA	NA	0.22	NA	NA	NA	NA	NA	NA	NA	NA	NA	NA	NA	NA	NA	NA	NA	NA	NA	NA	NA	NA	NA	23	SD
NA	eng	SALT Narrative SSS	NA	9;0 to 9;5	NA	TD	NA	NA	NA	NA	NA	NA	Narration	NA	52	49.09	7.44	8.2	NA	NA	NA	106.91	358.09	NA	NA	1.45	NA	NA	NA	NA	NA	NA	NA	NA	NA	NA	NA	NA	NA	NA	NA	NA	NA	NA	NA	NA	NA	22	Mean
NA	eng	SALT Narrative SSS	NA	9;0 to 9;5	NA	TD	NA	NA	NA	NA	NA	NA	Narration	NA	25.82	24.11	1.24	1.36	NA	NA	NA	36.23	176.93	NA	NA	0.27	NA	NA	NA	NA	NA	NA	NA	NA	NA	NA	NA	NA	NA	NA	NA	NA	NA	NA	NA	NA	NA	22	SD
NA	eng	SALT Narrative SSS	NA	10;9 to 11;4	NA	TD	NA	NA	NA	NA	NA	NA	Narration	NA	52.44	48.89	8.37	9.42	NA	NA	NA	139.52	436.63	NA	NA	1.6	NA	NA	NA	NA	NA	NA	NA	NA	NA	NA	NA	NA	NA	NA	NA	NA	NA	NA	NA	NA	NA	27	Mean
NA	eng	SALT Narrative SSS	NA	10;9 to 11;4	NA	TD	NA	NA	NA	NA	NA	NA	Narration	NA	48.08	44.42	1.45	1.68	NA	NA	NA	104.1	445.31	NA	NA	0.32	NA	NA	NA	NA	NA	NA	NA	NA	NA	NA	NA	NA	NA	NA	NA	NA	NA	NA	NA	NA	NA	27	SD
NA	eng	SALT Narrative SSS	NA	12;9 to 13;3	NA	TD	NA	NA	NA	NA	NA	NA	Narration	NA	60.7	56.04	8.45	9.37	NA	NA	NA	142.44	463.59	NA	NA	1.65	NA	NA	NA	NA	NA	NA	NA	NA	NA	NA	NA	NA	NA	NA	NA	NA	NA	NA	NA	NA	NA	27	Mean
NA	eng	SALT Narrative SSS	NA	12;9 to 13;3	NA	TD	NA	NA	NA	NA	NA	NA	Narration	NA	52.76	49.02	1.96	2.16	NA	NA	NA	76.19	399.21	NA	NA	0.34	NA	NA	NA	NA	NA	NA	NA	NA	NA	NA	NA	NA	NA	NA	NA	NA	NA	NA	NA	NA	NA	27	SD
NA	eng	SALT TNL2 Narrative Samples	NA	4;0 to 5;0	NA	TD	NA	NA	NA	NA	NA	NA	Narrative retell and picture narrative	NA	22.51	15.93	5.7	6.32	NA	NA	NA	48.6	94.72	NA	NA	1.17	NA	NA	NA	NA	NA	NA	NA	NA	NA	NA	NA	NA	NA	NA	NA	NA	NA	NA	NA	NA	NA	43	Mean
NA	eng	SALT TNL2 Narrative Samples	NA	4;0 to 5;0	NA	TD	NA	NA	NA	NA	NA	NA	Narrative retell and picture narrative	NA	13.51	11.59	1.29	1.41	NA	NA	NA	29.96	73.96	NA	NA	0.3	NA	NA	NA	NA	NA	NA	NA	NA	NA	NA	NA	NA	NA	NA	NA	NA	NA	NA	NA	NA	NA	43	SD
NA	eng	SALT TNL2 Narrative Samples	NA	5;0 to 6;0	NA	TD	NA	NA	NA	NA	NA	NA	Narrative retell and picture narrative	NA	26.5	20	5.98	6.61	NA	NA	NA	60.58	128.23	NA	NA	1.27	NA	NA	NA	NA	NA	NA	NA	NA	NA	NA	NA	NA	NA	NA	NA	NA	NA	NA	NA	NA	NA	66	Mean
NA	eng	SALT TNL2 Narrative Samples	NA	5;0 to 6;0	NA	TD	NA	NA	NA	NA	NA	NA	Narrative retell and picture narrative	NA	19.82	14.52	1.29	1.4	NA	NA	NA	35.93	108.74	NA	NA	0.27	NA	NA	NA	NA	NA	NA	NA	NA	NA	NA	NA	NA	NA	NA	NA	NA	NA	NA	NA	NA	NA	66	SD
NA	eng	SALT TNL2 Narrative Samples	NA	6;0 to 7;0	NA	TD	NA	NA	NA	NA	NA	NA	Narrative retell and picture narrative	NA	30.05	25.96	6.62	7.27	NA	NA	NA	80.84	177.32	NA	NA	1.36	NA	NA	NA	NA	NA	NA	NA	NA	NA	NA	NA	NA	NA	NA	NA	NA	NA	NA	NA	NA	NA	80	Mean
NA	eng	SALT TNL2 Narrative Samples	NA	6;0 to 7;0	NA	TD	NA	NA	NA	NA	NA	NA	Narrative retell and picture narrative	NA	15.71	15.21	1.27	1.42	NA	NA	NA	37.83	112.59	NA	NA	0.25	NA	NA	NA	NA	NA	NA	NA	NA	NA	NA	NA	NA	NA	NA	NA	NA	NA	NA	NA	NA	NA	80	SD
NA	eng	SALT TNL2 Narrative Samples	NA	7;0 to 8;0	NA	TD	NA	NA	NA	NA	NA	NA	Narrative retell and picture narrative	NA	34.45	31.02	7.19	7.9	NA	NA	NA	99.02	225.82	NA	NA	1.45	NA	NA	NA	NA	NA	NA	NA	NA	NA	NA	NA	NA	NA	NA	NA	NA	NA	NA	NA	NA	NA	114	Mean
NA	eng	SALT TNL2 Narrative Samples	NA	7;0 to 8;0	NA	TD	NA	NA	NA	NA	NA	NA	Narrative retell and picture narrative	NA	15.97	15.72	1.08	1.15	NA	NA	NA	35.3	121.89	NA	NA	0.22	NA	NA	NA	NA	NA	NA	NA	NA	NA	NA	NA	NA	NA	NA	NA	NA	NA	NA	NA	NA	NA	114	SD
NA	eng	SALT TNL2 Narrative Samples	NA	8;0 to 9;0	NA	TD	NA	NA	NA	NA	NA	NA	Narrative retell and picture narrative	NA	40.25	36.91	7.54	8.28	NA	NA	NA	117.56	278.5	NA	NA	1.56	NA	NA	NA	NA	NA	NA	NA	NA	NA	NA	NA	NA	NA	NA	NA	NA	NA	NA	NA	NA	NA	130	Mean
NA	eng	SALT TNL2 Narrative Samples	NA	8;0 to 9;0	NA	TD	NA	NA	NA	NA	NA	NA	Narrative retell and picture narrative	NA	14.55	13.98	0.95	1	NA	NA	NA	31.51	107.05	NA	NA	0.18	NA	NA	NA	NA	NA	NA	NA	NA	NA	NA	NA	NA	NA	NA	NA	NA	NA	NA	NA	NA	NA	130	SD
NA	eng	SALT TNL2 Narrative Samples	NA	9;0 to 10;0	NA	TD	NA	NA	NA	NA	NA	NA	Narrative retell and picture narrative	NA	40.44	37.37	7.86	8.63	NA	NA	NA	125.69	296.17	NA	NA	1.62	NA	NA	NA	NA	NA	NA	NA	NA	NA	NA	NA	NA	NA	NA	NA	NA	NA	NA	NA	NA	NA	137	Mean
NA	eng	SALT TNL2 Narrative Samples	NA	9;0 to 10;0	NA	TD	NA	NA	NA	NA	NA	NA	Narrative retell and picture narrative	NA	11.85	11.69	1.03	1.14	NA	NA	NA	33.75	104.74	NA	NA	0.22	NA	NA	NA	NA	NA	NA	NA	NA	NA	NA	NA	NA	NA	NA	NA	NA	NA	NA	NA	NA	NA	137	SD
NA	eng	SALT TNL2 Narrative Samples	NA	10;0 to 11;0	NA	TD	NA	NA	NA	NA	NA	NA	Narrative retell and picture narrative	NA	45.59	42.76	8.34	9.15	NA	NA	NA	146.35	354.77	NA	NA	1.74	NA	NA	NA	NA	NA	NA	NA	NA	NA	NA	NA	NA	NA	NA	NA	NA	NA	NA	NA	NA	NA	121	Mean
NA	eng	SALT TNL2 Narrative Samples	NA	10;0 to 11;0	NA	TD	NA	NA	NA	NA	NA	NA	Narrative retell and picture narrative	NA	15.21	14.22	1.14	1.27	NA	NA	NA	36.77	117.63	NA	NA	0.25	NA	NA	NA	NA	NA	NA	NA	NA	NA	NA	NA	NA	NA	NA	NA	NA	NA	NA	NA	NA	NA	121	SD
NA	eng	SALT TNL2 Narrative Samples	NA	11;0 to 12;0	NA	TD	NA	NA	NA	NA	NA	NA	Narrative retell and picture narrative	NA	46.41	43.38	8.33	9.13	NA	NA	NA	145.48	355.41	NA	NA	1.76	NA	NA	NA	NA	NA	NA	NA	NA	NA	NA	NA	NA	NA	NA	NA	NA	NA	NA	NA	NA	NA	85	Mean
NA	eng	SALT TNL2 Narrative Samples	NA	11;0 to 12;0	NA	TD	NA	NA	NA	NA	NA	NA	Narrative retell and picture narrative	NA	18.21	16.87	1.11	1.24	NA	NA	NA	35.46	120.71	NA	NA	0.24	NA	NA	NA	NA	NA	NA	NA	NA	NA	NA	NA	NA	NA	NA	NA	NA	NA	NA	NA	NA	NA	85	SD
NA	eng	SALT TNL2 Narrative Samples	NA	12;0 to 13;0	NA	TD	NA	NA	NA	NA	NA	NA	Narrative retell and picture narrative	NA	52.55	49.67	8.72	9.61	NA	NA	NA	168.7	423.42	NA	NA	1.86	NA	NA	NA	NA	NA	NA	NA	NA	NA	NA	NA	NA	NA	NA	NA	NA	NA	NA	NA	NA	NA	33	Mean
NA	eng	SALT TNL2 Narrative Samples	NA	12;0 to 13;0	NA	TD	NA	NA	NA	NA	NA	NA	Narrative retell and picture narrative	NA	22.35	22.83	1.29	1.43	NA	NA	NA	45.75	176.75	NA	NA	0.26	NA	NA	NA	NA	NA	NA	NA	NA	NA	NA	NA	NA	NA	NA	NA	NA	NA	NA	NA	NA	NA	33	SD
NA	eng	SALT TNL2 Narrative Samples	NA	13;0 to 14;0	NA	TD	NA	NA	NA	NA	NA	NA	Narrative retell and picture narrative	NA	45.68	43.13	8.52	9.41	NA	NA	NA	157.71	367.68	NA	NA	1.78	NA	NA	NA	NA	NA	NA	NA	NA	NA	NA	NA	NA	NA	NA	NA	NA	NA	NA	NA	NA	NA	31	Mean
NA	eng	SALT TNL2 Narrative Samples	NA	13;0 to 14;0	NA	TD	NA	NA	NA	NA	NA	NA	Narrative retell and picture narrative	NA	15.01	14.95	1.09	1.2	NA	NA	NA	45.7	134.55	NA	NA	0.23	NA	NA	NA	NA	NA	NA	NA	NA	NA	NA	NA	NA	NA	NA	NA	NA	NA	NA	NA	NA	NA	31	SD
NA	eng	SALT TNL2 Narrative Samples	NA	14;0 to 14;11	NA	TD	NA	NA	NA	NA	NA	NA	Narrative retell and picture narrative	NA	50.06	47.44	8.81	9.86	NA	NA	NA	169.22	411.61	NA	NA	1.86	NA	NA	NA	NA	NA	NA	NA	NA	NA	NA	NA	NA	NA	NA	NA	NA	NA	NA	NA	NA	NA	18	Mean
NA	eng	SALT TNL2 Narrative Samples	NA	14;0 to 14;11	NA	TD	NA	NA	NA	NA	NA	NA	Narrative retell and picture narrative	NA	21.35	21.44	0.86	0.95	NA	NA	NA	49.11	168.64	NA	NA	0.18	NA	NA	NA	NA	NA	NA	NA	NA	NA	NA	NA	NA	NA	NA	NA	NA	NA	NA	NA	NA	NA	18	SD
NA	eng	SALT TNL Narrative Samples	NA	5;0 to 6;0	NA	TD	NA	NA	NA	NA	NA	NA	Narrative retell and picture narrative	NA	29.75	25.42	6.66	7.29	NA	NA	NA	84.42	175.13	NA	NA	1.37	NA	NA	NA	NA	NA	NA	NA	NA	NA	NA	NA	NA	NA	NA	NA	NA	NA	NA	NA	NA	NA	55	Mean
NA	eng	SALT TNL Narrative Samples	NA	5;0 to 6;0	NA	TD	NA	NA	NA	NA	NA	NA	Narrative retell and picture narrative	NA	10.86	9.84	1.21	1.27	NA	NA	NA	30.48	86.98	NA	NA	0.25	NA	NA	NA	NA	NA	NA	NA	NA	NA	NA	NA	NA	NA	NA	NA	NA	NA	NA	NA	NA	NA	55	SD
NA	eng	SALT TNL Narrative Samples	NA	6;0 to 7;0	NA	TD	NA	NA	NA	NA	NA	NA	Narrative retell and picture narrative	NA	31.43	27.68	7.18	7.87	NA	NA	NA	93.78	203.47	NA	NA	1.46	NA	NA	NA	NA	NA	NA	NA	NA	NA	NA	NA	NA	NA	NA	NA	NA	NA	NA	NA	NA	NA	108	Mean
NA	eng	SALT TNL Narrative Samples	NA	6;0 to 7;0	NA	TD	NA	NA	NA	NA	NA	NA	Narrative retell and picture narrative	NA	12.9	12.25	1.28	1.36	NA	NA	NA	35.49	103.92	NA	NA	0.27	NA	NA	NA	NA	NA	NA	NA	NA	NA	NA	NA	NA	NA	NA	NA	NA	NA	NA	NA	NA	NA	108	SD
NA	eng	SALT TNL Narrative Samples	NA	7;0 to 8;0	NA	TD	NA	NA	NA	NA	NA	NA	Narrative retell and picture narrative	NA	37.28	34.26	7.86	8.61	NA	NA	NA	119.47	274.31	NA	NA	1.58	NA	NA	NA	NA	NA	NA	NA	NA	NA	NA	NA	NA	NA	NA	NA	NA	NA	NA	NA	NA	NA	112	Mean
NA	eng	SALT TNL Narrative Samples	NA	7;0 to 8;0	NA	TD	NA	NA	NA	NA	NA	NA	Narrative retell and picture narrative	NA	17.01	16.29	1.27	1.37	NA	NA	NA	45.53	144.32	NA	NA	0.25	NA	NA	NA	NA	NA	NA	NA	NA	NA	NA	NA	NA	NA	NA	NA	NA	NA	NA	NA	NA	NA	112	SD
NA	eng	SALT TNL Narrative Samples	NA	8;0 to 9;0	NA	TD	NA	NA	NA	NA	NA	NA	Narrative retell and picture narrative	NA	44.47	41.36	8.06	8.81	NA	NA	NA	138.89	335.53	NA	NA	1.64	NA	NA	NA	NA	NA	NA	NA	NA	NA	NA	NA	NA	NA	NA	NA	NA	NA	NA	NA	NA	NA	109	Mean
NA	eng	SALT TNL Narrative Samples	NA	8;0 to 9;0	NA	TD	NA	NA	NA	NA	NA	NA	Narrative retell and picture narrative	NA	21.16	20.16	1.14	1.24	NA	NA	NA	45.68	168.73	NA	NA	0.23	NA	NA	NA	NA	NA	NA	NA	NA	NA	NA	NA	NA	NA	NA	NA	NA	NA	NA	NA	NA	NA	109	SD
NA	eng	SALT TNL Narrative Samples	NA	9;0 to 10;0	NA	TD	NA	NA	NA	NA	NA	NA	Narrative retell and picture narrative	NA	50.76	47.04	8.3	9.09	NA	NA	NA	154.37	381	NA	NA	1.7	NA	NA	NA	NA	NA	NA	NA	NA	NA	NA	NA	NA	NA	NA	NA	NA	NA	NA	NA	NA	NA	49	Mean
NA	eng	SALT TNL Narrative Samples	NA	9;0 to 10;0	NA	TD	NA	NA	NA	NA	NA	NA	Narrative retell and picture narrative	NA	21.55	18.66	1.3	1.45	NA	NA	NA	34.19	132.55	NA	NA	0.28	NA	NA	NA	NA	NA	NA	NA	NA	NA	NA	NA	NA	NA	NA	NA	NA	NA	NA	NA	NA	NA	49	SD
NA	eng	SALT TNL Narrative Samples	NA	10;0 to 11;0	NA	TD	NA	NA	NA	NA	NA	NA	Narrative retell and picture narrative	NA	50.53	48.66	8.93	9.8	NA	NA	NA	166.23	430.75	NA	NA	1.83	NA	NA	NA	NA	NA	NA	NA	NA	NA	NA	NA	NA	NA	NA	NA	NA	NA	NA	NA	NA	NA	53	Mean
NA	eng	SALT TNL Narrative Samples	NA	10;0 to 11;0	NA	TD	NA	NA	NA	NA	NA	NA	Narrative retell and picture narrative	NA	26.98	26.9	1.49	1.64	NA	NA	NA	52.47	216.2	NA	NA	0.34	NA	NA	NA	NA	NA	NA	NA	NA	NA	NA	NA	NA	NA	NA	NA	NA	NA	NA	NA	NA	NA	53	SD
NA	eng	SALT TNL Narrative Samples	NA	11;0 to 11;11	NA	TD	NA	NA	NA	NA	NA	NA	Narrative retell and picture narrative	NA	45.94	44.02	8.82	9.66	NA	NA	NA	158.96	382.75	NA	NA	1.82	NA	NA	NA	NA	NA	NA	NA	NA	NA	NA	NA	NA	NA	NA	NA	NA	NA	NA	NA	NA	NA	52	Mean
NA	eng	SALT TNL Narrative Samples	NA	11;0 to 11;11	NA	TD	NA	NA	NA	NA	NA	NA	Narrative retell and picture narrative	NA	13.65	13.38	1.29	1.43	NA	NA	NA	32.83	109.39	NA	NA	0.25	NA	NA	NA	NA	NA	NA	NA	NA	NA	NA	NA	NA	NA	NA	NA	NA	NA	NA	NA	NA	NA	52	SD
NA	eng	SALT Play	NA	2;8 to 3;0	NA	TD	NA	NA	NA	NA	NA	NA	Play	NA	169	147	3.03	3.29	NA	NA	NA	126.44	442	NA	NA	0.61	NA	NA	NA	NA	NA	NA	NA	NA	NA	NA	NA	NA	NA	NA	NA	NA	NA	NA	NA	NA	NA	9	Mean
NA	eng	SALT Play	NA	2;8 to 3;0	NA	TD	NA	NA	NA	NA	NA	NA	Play	NA	83.34	68.95	0.35	0.39	NA	NA	NA	30.23	204.3	NA	NA	0.11	NA	NA	NA	NA	NA	NA	NA	NA	NA	NA	NA	NA	NA	NA	NA	NA	NA	NA	NA	NA	NA	9	SD
NA	eng	SALT Play	NA	3;0 to 3;5	NA	TD	NA	NA	NA	NA	NA	NA	Play	NA	132.7	116.48	3.23	3.54	NA	NA	NA	126.26	377.04	NA	NA	0.69	NA	NA	NA	NA	NA	NA	NA	NA	NA	NA	NA	NA	NA	NA	NA	NA	NA	NA	NA	NA	NA	23	Mean
NA	eng	SALT Play	NA	3;0 to 3;5	NA	TD	NA	NA	NA	NA	NA	NA	Play	NA	51.93	41.36	0.41	0.46	NA	NA	NA	23.93	141.89	NA	NA	0.13	NA	NA	NA	NA	NA	NA	NA	NA	NA	NA	NA	NA	NA	NA	NA	NA	NA	NA	NA	NA	NA	23	SD
NA	eng	SALT Play	NA	3;9 to 4;0	NA	TD	NA	NA	NA	NA	NA	NA	Play	NA	182.43	159.71	3.39	3.74	NA	NA	NA	158.71	546.21	NA	NA	0.7	NA	NA	NA	NA	NA	NA	NA	NA	NA	NA	NA	NA	NA	NA	NA	NA	NA	NA	NA	NA	NA	14	Mean
NA	eng	SALT Play	NA	3;9 to 4;0	NA	TD	NA	NA	NA	NA	NA	NA	Play	NA	61.19	50.73	0.57	0.65	NA	NA	NA	39.96	212.59	NA	NA	0.14	NA	NA	NA	NA	NA	NA	NA	NA	NA	NA	NA	NA	NA	NA	NA	NA	NA	NA	NA	NA	NA	14	SD
NA	eng	SALT Play	NA	4;0 to 4;4	NA	TD	NA	NA	NA	NA	NA	NA	Play	NA	139.07	124.53	3.47	3.82	NA	NA	NA	137.73	426.73	NA	NA	0.73	NA	NA	NA	NA	NA	NA	NA	NA	NA	NA	NA	NA	NA	NA	NA	NA	NA	NA	NA	NA	NA	15	Mean
NA	eng	SALT Play	NA	4;0 to 4;4	NA	TD	NA	NA	NA	NA	NA	NA	Play	NA	64.72	58.83	0.63	0.75	NA	NA	NA	37.07	197.75	NA	NA	0.18	NA	NA	NA	NA	NA	NA	NA	NA	NA	NA	NA	NA	NA	NA	NA	NA	NA	NA	NA	NA	NA	15	SD
NA	eng	SALT Play	NA	5;4 to 5;8	NA	TD	NA	NA	NA	NA	NA	NA	Play	NA	132.8	120.67	4.54	4.97	NA	NA	NA	152.73	561.47	NA	NA	1.01	NA	NA	NA	NA	NA	NA	NA	NA	NA	NA	NA	NA	NA	NA	NA	NA	NA	NA	NA	NA	NA	15	Mean
NA	eng	SALT Play	NA	5;4 to 5;8	NA	TD	NA	NA	NA	NA	NA	NA	Play	NA	60.26	54.95	0.8	0.85	NA	NA	NA	51.52	298.17	NA	NA	0.2	NA	NA	NA	NA	NA	NA	NA	NA	NA	NA	NA	NA	NA	NA	NA	NA	NA	NA	NA	NA	NA	15	SD
NA	eng	SALT Narrative Story Retell	NA	7;0 to 8;0	NA	TD	NA	NA	NA	NA	NA	NA	Narrative retell-- Pookins	NA	39.1	37	8.37	9.4	NA	NA	NA	125.16	310.16	NA	NA	1.7	NA	NA	NA	NA	NA	NA	NA	NA	NA	NA	NA	NA	NA	NA	NA	NA	NA	NA	NA	NA	NA	50	Mean
NA	eng	SALT Narrative Story Retell	NA	7;0 to 8;0	NA	TD	NA	NA	NA	NA	NA	NA	Narrative retell-- Pookins	NA	10.87	10.44	0.9	1.02	NA	NA	NA	25.29	95.6	NA	NA	0.21	NA	NA	NA	NA	NA	NA	NA	NA	NA	NA	NA	NA	NA	NA	NA	NA	NA	NA	NA	NA	NA	50	SD
NA	eng	SALT Narrative Story Retell	NA	8;0 to 8;11	NA	TD	NA	NA	NA	NA	NA	NA	Narrative retell-- Pookins	NA	42	39.64	8.25	9.24	NA	NA	NA	131.69	326.75	NA	NA	1.65	NA	NA	NA	NA	NA	NA	NA	NA	NA	NA	NA	NA	NA	NA	NA	NA	NA	NA	NA	NA	NA	59	Mean
NA	eng	SALT Narrative Story Retell	NA	8;0 to 8;11	NA	TD	NA	NA	NA	NA	NA	NA	Narrative retell-- Pookins	NA	12.69	11.8	1	1.11	NA	NA	NA	28.57	107.58	NA	NA	0.21	NA	NA	NA	NA	NA	NA	NA	NA	NA	NA	NA	NA	NA	NA	NA	NA	NA	NA	NA	NA	NA	59	SD
NA	eng	SALT Fables	NA	13;5 to 14;9	NA	TD	NA	NA	NA	NA	NA	NA	Narrative retell-- dog	NA	20.63	20.1	10.91	11.74	NA	NA	NA	99	217.47	NA	NA	2.17	NA	NA	NA	NA	NA	NA	NA	NA	NA	NA	NA	NA	NA	NA	NA	NA	NA	NA	NA	NA	NA	30	Mean
NA	eng	SALT Fables	NA	13;5 to 14;9	NA	TD	NA	NA	NA	NA	NA	NA	Narrative retell-- dog	NA	10.33	9.73	2.42	2.62	NA	NA	NA	32.99	104.15	NA	NA	0.5	NA	NA	NA	NA	NA	NA	NA	NA	NA	NA	NA	NA	NA	NA	NA	NA	NA	NA	NA	NA	NA	30	SD
NA	eng	SALT Fables	NA	13;5 to 14;9	NA	TD	NA	NA	NA	NA	NA	NA	Narrative retell-- fox	NA	21.17	20.7	11.47	12.4	NA	NA	NA	107.77	233.23	NA	NA	2.37	NA	NA	NA	NA	NA	NA	NA	NA	NA	NA	NA	NA	NA	NA	NA	NA	NA	NA	NA	NA	NA	30	Mean
NA	eng	SALT Fables	NA	13;5 to 14;9	NA	TD	NA	NA	NA	NA	NA	NA	Narrative retell-- fox	NA	9.51	9.03	2.38	2.55	NA	NA	NA	33.61	99.55	NA	NA	0.58	NA	NA	NA	NA	NA	NA	NA	NA	NA	NA	NA	NA	NA	NA	NA	NA	NA	NA	NA	NA	NA	30	SD
NA	eng	SALT Fables	NA	13;5 to 14;9	NA	TD	NA	NA	NA	NA	NA	NA	Narrative retell-- oak	NA	22.17	21.23	10.33	11.19	NA	NA	NA	101.43	214.97	NA	NA	2.24	NA	NA	NA	NA	NA	NA	NA	NA	NA	NA	NA	NA	NA	NA	NA	NA	NA	NA	NA	NA	NA	30	Mean
NA	eng	SALT Fables	NA	13;5 to 14;9	NA	TD	NA	NA	NA	NA	NA	NA	Narrative retell-- oak	NA	10.01	9.28	2.3	2.35	NA	NA	NA	30.48	94.86	NA	NA	0.53	NA	NA	NA	NA	NA	NA	NA	NA	NA	NA	NA	NA	NA	NA	NA	NA	NA	NA	NA	NA	NA	30	SD
NA	eng	SALT Fables	NA	13;5 to 14;9	NA	TD	NA	NA	NA	NA	NA	NA	Narrative retell-- stag	NA	28.8	27.4	10.42	11.53	NA	NA	NA	126.7	283.67	NA	NA	1.99	NA	NA	NA	NA	NA	NA	NA	NA	NA	NA	NA	NA	NA	NA	NA	NA	NA	NA	NA	NA	NA	30	Mean
NA	eng	SALT Fables	NA	13;5 to 14;9	NA	TD	NA	NA	NA	NA	NA	NA	Narrative retell-- stag	NA	10.15	9.54	2.36	2.56	NA	NA	NA	34.98	110.56	NA	NA	0.44	NA	NA	NA	NA	NA	NA	NA	NA	NA	NA	NA	NA	NA	NA	NA	NA	NA	NA	NA	NA	NA	30	SD
NA	eng	SALT Narrative Story Retell	NA	9;3 to 10;0	NA	TD	NA	NA	NA	NA	NA	NA	Narrative retell-- Dr. DeSoto	NA	55.63	53.67	9.71	10.54	NA	NA	NA	178.98	516.04	NA	NA	1.93	NA	NA	NA	NA	NA	NA	NA	NA	NA	NA	NA	NA	NA	NA	NA	NA	NA	NA	NA	NA	NA	46	Mean
NA	eng	SALT Narrative Story Retell	NA	9;3 to 10;0	NA	TD	NA	NA	NA	NA	NA	NA	Narrative retell-- Dr. DeSoto	NA	16.95	16.04	1.36	1.48	NA	NA	NA	40.08	153.35	NA	NA	0.25	NA	NA	NA	NA	NA	NA	NA	NA	NA	NA	NA	NA	NA	NA	NA	NA	NA	NA	NA	NA	NA	46	SD
NA	eng	SALT Narrative Story Retell	NA	10;0 to 11;0	NA	TD	NA	NA	NA	NA	NA	NA	Narrative retell-- Dr. DeSoto	NA	51	49.97	10.03	11	NA	NA	NA	174.18	501.56	NA	NA	1.96	NA	NA	NA	NA	NA	NA	NA	NA	NA	NA	NA	NA	NA	NA	NA	NA	NA	NA	NA	NA	NA	39	Mean
NA	eng	SALT Narrative Story Retell	NA	10;0 to 11;0	NA	TD	NA	NA	NA	NA	NA	NA	Narrative retell-- Dr. DeSoto	NA	13.07	12.87	1.58	1.73	NA	NA	NA	37.58	146.21	NA	NA	0.25	NA	NA	NA	NA	NA	NA	NA	NA	NA	NA	NA	NA	NA	NA	NA	NA	NA	NA	NA	NA	NA	39	SD
NA	eng	SALT Narrative Story Retell	NA	11;0 to 12;0	NA	TD	NA	NA	NA	NA	NA	NA	Narrative retell-- Dr. DeSoto	NA	55.58	54.39	10.3	11.27	NA	NA	NA	187.09	548.3	NA	NA	2.02	NA	NA	NA	NA	NA	NA	NA	NA	NA	NA	NA	NA	NA	NA	NA	NA	NA	NA	NA	NA	NA	88	Mean
NA	eng	SALT Narrative Story Retell	NA	11;0 to 12;0	NA	TD	NA	NA	NA	NA	NA	NA	Narrative retell-- Dr. DeSoto	NA	15.58	15.15	1.47	1.6	NA	NA	NA	34.66	126.1	NA	NA	0.25	NA	NA	NA	NA	NA	NA	NA	NA	NA	NA	NA	NA	NA	NA	NA	NA	NA	NA	NA	NA	NA	88	SD
NA	eng	SALT Narrative Story Retell	NA	12;0 to 12;8	NA	TD	NA	NA	NA	NA	NA	NA	Narrative retell-- Dr. DeSoto	NA	53.42	52.3	10.54	11.52	NA	NA	NA	182.88	546.21	NA	NA	2.08	NA	NA	NA	NA	NA	NA	NA	NA	NA	NA	NA	NA	NA	NA	NA	NA	NA	NA	NA	NA	NA	43	Mean
NA	eng	SALT Narrative Story Retell	NA	12;0 to 12;8	NA	TD	NA	NA	NA	NA	NA	NA	Narrative retell-- Dr. DeSoto	NA	16.07	16.2	1.4	1.48	NA	NA	NA	41.46	166.46	NA	NA	0.28	NA	NA	NA	NA	NA	NA	NA	NA	NA	NA	NA	NA	NA	NA	NA	NA	NA	NA	NA	NA	NA	43	SD
NA	eng	SALT Narrative Story Retell	NA	9;0 to 9;11	NA	TD	NA	NA	NA	NA	NA	NA	Narrative retell-- Porcupine	NA	48.28	46.97	7.49	8.42	NA	NA	NA	129.58	347.69	NA	NA	1.64	NA	NA	NA	NA	NA	NA	NA	NA	NA	NA	NA	NA	NA	NA	NA	NA	NA	NA	NA	NA	NA	36	Mean
NA	eng	SALT Narrative Story Retell	NA	9;0 to 9;11	NA	TD	NA	NA	NA	NA	NA	NA	Narrative retell-- Porcupine	NA	12.29	12.12	0.97	1.06	NA	NA	NA	22.1	83.85	NA	NA	0.21	NA	NA	NA	NA	NA	NA	NA	NA	NA	NA	NA	NA	NA	NA	NA	NA	NA	NA	NA	NA	NA	36	SD
NA	eng	SALT Narrative Story Retell	NA	7;11 to 9;0	NA	TD	NA	NA	NA	NA	NA	NA	Narrative retell-- Porcupine	NA	46.96	45.35	7.03	7.93	NA	NA	NA	123.13	316	NA	NA	1.58	NA	NA	NA	NA	NA	NA	NA	NA	NA	NA	NA	NA	NA	NA	NA	NA	NA	NA	NA	NA	NA	23	Mean
NA	eng	SALT Narrative Story Retell	NA	7;11 to 9;0	NA	TD	NA	NA	NA	NA	NA	NA	Narrative retell-- Porcupine	NA	10.64	10.56	1.04	1.13	NA	NA	NA	18.18	71.79	NA	NA	0.24	NA	NA	NA	NA	NA	NA	NA	NA	NA	NA	NA	NA	NA	NA	NA	NA	NA	NA	NA	NA	NA	23	SD
NA	eng	SALT Narrative Story Retell	NA	3;6 to 4;4	NA	TD	NA	NA	NA	NA	NA	NA	Narrative retell-- Frog	NA	48.2	37.8	5.23	5.69	NA	NA	NA	75	209.4	NA	NA	0.91	NA	NA	NA	NA	NA	NA	NA	NA	NA	NA	NA	NA	NA	NA	NA	NA	NA	NA	NA	NA	NA	5	Mean
NA	eng	SALT Narrative Story Retell	NA	3;6 to 4;4	NA	TD	NA	NA	NA	NA	NA	NA	Narrative retell-- Frog	NA	19.69	16.39	1.33	1.43	NA	NA	NA	35.09	126.46	NA	NA	0.23	NA	NA	NA	NA	NA	NA	NA	NA	NA	NA	NA	NA	NA	NA	NA	NA	NA	NA	NA	NA	NA	5	SD
NA	eng	SALT Narrative Story Retell	NA	4;7 to 5;0	NA	TD	NA	NA	NA	NA	NA	NA	Narrative retell-- Frog	NA	41.84	35.47	6.25	6.8	NA	NA	NA	80.79	224.58	NA	NA	1.14	NA	NA	NA	NA	NA	NA	NA	NA	NA	NA	NA	NA	NA	NA	NA	NA	NA	NA	NA	NA	NA	19	Mean
NA	eng	SALT Narrative Story Retell	NA	4;7 to 5;0	NA	TD	NA	NA	NA	NA	NA	NA	Narrative retell-- Frog	NA	17.41	12.91	1.03	1.15	NA	NA	NA	18.81	102.89	NA	NA	0.19	NA	NA	NA	NA	NA	NA	NA	NA	NA	NA	NA	NA	NA	NA	NA	NA	NA	NA	NA	NA	NA	19	SD
NA	eng	SALT Narrative Story Retell	NA	5;0 to 5;6	NA	TD	NA	NA	NA	NA	NA	NA	Narrative retell-- Frog	NA	39.29	34.06	6.56	7.23	NA	NA	NA	85.12	223.74	NA	NA	1.2	NA	NA	NA	NA	NA	NA	NA	NA	NA	NA	NA	NA	NA	NA	NA	NA	NA	NA	NA	NA	NA	34	Mean
NA	eng	SALT Narrative Story Retell	NA	5;0 to 5;6	NA	TD	NA	NA	NA	NA	NA	NA	Narrative retell-- Frog	NA	10.75	8.32	0.94	1.09	NA	NA	NA	15.49	62.42	NA	NA	0.17	NA	NA	NA	NA	NA	NA	NA	NA	NA	NA	NA	NA	NA	NA	NA	NA	NA	NA	NA	NA	NA	34	SD
NA	eng	SALT Narrative Story Retell	NA	5;6 to 6;0	NA	TD	NA	NA	NA	NA	NA	NA	Narrative retell-- Frog	NA	38.47	35.36	6.84	7.58	NA	NA	NA	90.19	241.72	NA	NA	1.26	NA	NA	NA	NA	NA	NA	NA	NA	NA	NA	NA	NA	NA	NA	NA	NA	NA	NA	NA	NA	NA	47	Mean
NA	eng	SALT Narrative Story Retell	NA	5;6 to 6;0	NA	TD	NA	NA	NA	NA	NA	NA	Narrative retell-- Frog	NA	9.11	7.5	0.85	0.96	NA	NA	NA	17.31	57.23	NA	NA	0.16	NA	NA	NA	NA	NA	NA	NA	NA	NA	NA	NA	NA	NA	NA	NA	NA	NA	NA	NA	NA	NA	47	SD
NA	eng	SALT Narrative Story Retell	NA	6;0 to 6;6	NA	TD	NA	NA	NA	NA	NA	NA	Narrative retell-- Frog	NA	40.78	37.14	7.27	8.03	NA	NA	NA	99.5	269.08	NA	NA	1.3	NA	NA	NA	NA	NA	NA	NA	NA	NA	NA	NA	NA	NA	NA	NA	NA	NA	NA	NA	NA	NA	36	Mean
NA	eng	SALT Narrative Story Retell	NA	6;0 to 6;6	NA	TD	NA	NA	NA	NA	NA	NA	Narrative retell-- Frog	NA	9.24	7.42	0.67	0.71	NA	NA	NA	13.96	53.92	NA	NA	0.15	NA	NA	NA	NA	NA	NA	NA	NA	NA	NA	NA	NA	NA	NA	NA	NA	NA	NA	NA	NA	NA	36	SD
NA	eng	SALT Narrative Story Retell	NA	6;6 to 7;0	NA	TD	NA	NA	NA	NA	NA	NA	Narrative retell-- Frog	NA	40.88	38.12	7.6	8.35	NA	NA	NA	100.53	290.26	NA	NA	1.34	NA	NA	NA	NA	NA	NA	NA	NA	NA	NA	NA	NA	NA	NA	NA	NA	NA	NA	NA	NA	NA	43	Mean
NA	eng	SALT Narrative Story Retell	NA	6;6 to 7;0	NA	TD	NA	NA	NA	NA	NA	NA	Narrative retell-- Frog	NA	12.63	12.12	0.87	0.99	NA	NA	NA	20.68	99.38	NA	NA	0.17	NA	NA	NA	NA	NA	NA	NA	NA	NA	NA	NA	NA	NA	NA	NA	NA	NA	NA	NA	NA	NA	43	SD
NA	eng	SALT Narrative Story Retell	NA	7;0 to 7;5	NA	TD	NA	NA	NA	NA	NA	NA	Narrative retell-- Frog	NA	43.24	41.47	8.18	8.96	NA	NA	NA	113.65	335.24	NA	NA	1.49	NA	NA	NA	NA	NA	NA	NA	NA	NA	NA	NA	NA	NA	NA	NA	NA	NA	NA	NA	NA	NA	17	Mean
NA	eng	SALT Narrative Story Retell	NA	7;0 to 7;5	NA	TD	NA	NA	NA	NA	NA	NA	Narrative retell-- Frog	NA	8.61	8.47	1.79	1.97	NA	NA	NA	20.43	78.75	NA	NA	0.31	NA	NA	NA	NA	NA	NA	NA	NA	NA	NA	NA	NA	NA	NA	NA	NA	NA	NA	NA	NA	NA	17	SD
NA	eng	Tilstra McMaster 2007	NA	6;3	NA	TD	NA	NA	NA	NA	NA	NA	Picture narrative	NA	NA	9.31	6	NA	NA	NA	NA	NA	57.64	NA	NA	NA	NA	NA	NA	NA	NA	NA	NA	NA	NA	NA	NA	NA	NA	NA	NA	NA	NA	NA	NA	NA	NA	NA	Mean
NA	eng	Tilstra McMaster 2007	NA	6;3	NA	TD	NA	NA	NA	NA	NA	NA	Picture narrative	NA	NA	3.02	1.33	NA	NA	NA	NA	NA	24.92	NA	NA	NA	NA	NA	NA	NA	NA	NA	NA	NA	NA	NA	NA	NA	NA	NA	NA	NA	NA	NA	NA	NA	NA	NA	SD
NA	eng	Tilstra McMaster 2007	NA	7;4	NA	TD	NA	NA	NA	NA	NA	NA	Picture narrative	NA	NA	9.89	6.33	NA	NA	NA	NA	NA	59.6	NA	NA	NA	NA	NA	NA	NA	NA	NA	NA	NA	NA	NA	NA	NA	NA	NA	NA	NA	NA	NA	NA	NA	NA	NA	Mean
NA	eng	Tilstra McMaster 2007	NA	7;4	NA	TD	NA	NA	NA	NA	NA	NA	Picture narrative	NA	NA	4.42	1.3	NA	NA	NA	NA	NA	27.67	NA	NA	NA	NA	NA	NA	NA	NA	NA	NA	NA	NA	NA	NA	NA	NA	NA	NA	NA	NA	NA	NA	NA	NA	NA	SD
NA	eng	Tilstra McMaster 2007	NA	9;1	NA	TD	NA	NA	NA	NA	NA	NA	Picture narrative	NA	NA	14.31	7.45	NA	NA	NA	NA	NA	104.78	NA	NA	NA	NA	NA	NA	NA	NA	NA	NA	NA	NA	NA	NA	NA	NA	NA	NA	NA	NA	NA	NA	NA	NA	NA	Mean
NA	eng	Tilstra McMaster 2007	NA	9;1	NA	TD	NA	NA	NA	NA	NA	NA	Picture narrative	NA	NA	7.81	1.05	NA	NA	NA	NA	NA	54.98	NA	NA	NA	NA	NA	NA	NA	NA	NA	NA	NA	NA	NA	NA	NA	NA	NA	NA	NA	NA	NA	NA	NA	NA	NA	SD
NA	eng	SUGAR	NA	3;0-3;5	NA	TD	NA	NA	NA	NA	NA	NA	Narration	NA	NA	NA	NA	NA	NA	5.27	4.24	NA	192.3	NA	NA	NA	NA	NA	NA	NA	NA	NA	NA	NA	NA	NA	NA	NA	NA	NA	NA	NA	NA	NA	NA	NA	NA	NA	Mean
NA	eng	SUGAR	NA	3;0-3;5	NA	TD	NA	NA	NA	NA	NA	NA	Narration	NA	NA	NA	NA	NA	NA	1.39	1.37	NA	61.22	NA	NA	NA	NA	NA	NA	NA	NA	NA	NA	NA	NA	NA	NA	NA	NA	NA	NA	NA	NA	NA	NA	NA	NA	NA	SD
NA	eng	SUGAR	NA	3;6-3;11	NA	TD	NA	NA	NA	NA	NA	NA	Narration	NA	NA	NA	NA	NA	NA	6.24	5.41	NA	244.05	NA	NA	NA	NA	NA	NA	NA	NA	NA	NA	NA	NA	NA	NA	NA	NA	NA	NA	NA	NA	NA	NA	NA	NA	NA	Mean
NA	eng	SUGAR	NA	3;6-3;11	NA	TD	NA	NA	NA	NA	NA	NA	Narration	NA	NA	NA	NA	NA	NA	1.17	1.28	NA	58.07	NA	NA	NA	NA	NA	NA	NA	NA	NA	NA	NA	NA	NA	NA	NA	NA	NA	NA	NA	NA	NA	NA	NA	NA	NA	SD
NA	eng	SUGAR	NA	4;0-4;5	NA	TD	NA	NA	NA	NA	NA	NA	Narration	NA	NA	NA	NA	NA	NA	6.48	5.79	NA	261.4	NA	NA	NA	NA	NA	NA	NA	NA	NA	NA	NA	NA	NA	NA	NA	NA	NA	NA	NA	NA	NA	NA	NA	NA	NA	Mean
NA	eng	SUGAR	NA	4;0-4;5	NA	TD	NA	NA	NA	NA	NA	NA	Narration	NA	NA	NA	NA	NA	NA	1.37	1.53	NA	69.98	NA	NA	NA	NA	NA	NA	NA	NA	NA	NA	NA	NA	NA	NA	NA	NA	NA	NA	NA	NA	NA	NA	NA	NA	NA	SD
NA	eng	SUGAR	NA	4;6-4;11	NA	TD	NA	NA	NA	NA	NA	NA	Narration	NA	NA	NA	NA	NA	NA	6.97	6.18	NA	278.71	NA	NA	NA	NA	NA	NA	NA	NA	NA	NA	NA	NA	NA	NA	NA	NA	NA	NA	NA	NA	NA	NA	NA	NA	NA	Mean
NA	eng	SUGAR	NA	4;6-4;11	NA	TD	NA	NA	NA	NA	NA	NA	Narration	NA	NA	NA	NA	NA	NA	1.26	1.32	NA	60.14	NA	NA	NA	NA	NA	NA	NA	NA	NA	NA	NA	NA	NA	NA	NA	NA	NA	NA	NA	NA	NA	NA	NA	NA	NA	SD
NA	eng	SUGAR	NA	5;0-5;11	NA	TD	NA	NA	NA	NA	NA	NA	Narration	NA	NA	NA	NA	NA	NA	7.33	6.66	NA	299.81	NA	NA	NA	NA	NA	NA	NA	NA	NA	NA	NA	NA	NA	NA	NA	NA	NA	NA	NA	NA	NA	NA	NA	NA	NA	Mean
NA	eng	SUGAR	NA	5;0-5;11	NA	TD	NA	NA	NA	NA	NA	NA	Narration	NA	NA	NA	NA	NA	NA	1.21	1.35	NA	61.46	NA	NA	NA	NA	NA	NA	NA	NA	NA	NA	NA	NA	NA	NA	NA	NA	NA	NA	NA	NA	NA	NA	NA	NA	NA	SD
NA	eng	SUGAR	NA	6;0-6;11	NA	TD	NA	NA	NA	NA	NA	NA	Narration	NA	NA	NA	NA	NA	NA	8.05	7.6	NA	337.73	NA	NA	NA	NA	NA	NA	NA	NA	NA	NA	NA	NA	NA	NA	NA	NA	NA	NA	NA	NA	NA	NA	NA	NA	NA	Mean
NA	eng	SUGAR	NA	6;0-6;11	NA	TD	NA	NA	NA	NA	NA	NA	Narration	NA	NA	NA	NA	NA	NA	1.42	1.6	NA	72.5	NA	NA	NA	NA	NA	NA	NA	NA	NA	NA	NA	NA	NA	NA	NA	NA	NA	NA	NA	NA	NA	NA	NA	NA	NA	SD
NA	eng	SUGAR	NA	7;0-8;11	NA	TD	NA	NA	NA	NA	NA	NA	Narration	NA	NA	NA	NA	NA	NA	8.87	8.59	NA	379.63	NA	NA	NA	NA	NA	NA	NA	NA	NA	NA	NA	NA	NA	NA	NA	NA	NA	NA	NA	NA	NA	NA	NA	NA	NA	Mean
NA	eng	SUGAR	NA	7;0-8;11	NA	TD	NA	NA	NA	NA	NA	NA	Narration	NA	NA	NA	NA	NA	NA	1.19	1.4	NA	59.28	NA	NA	NA	NA	NA	NA	NA	NA	NA	NA	NA	NA	NA	NA	NA	NA	NA	NA	NA	NA	NA	NA	NA	NA	NA	SD
NA	eng	SUGAR	NA	9;0-10;11	NA	TD	NA	NA	NA	NA	NA	NA	Narration	NA	NA	NA	NA	NA	NA	9.7	9.61	NA	421.36	NA	NA	NA	NA	NA	NA	NA	NA	NA	NA	NA	NA	NA	NA	NA	NA	NA	NA	NA	NA	NA	NA	NA	NA	NA	Mean
NA	eng	SUGAR	NA	9;0-10;11	NA	TD	NA	NA	NA	NA	NA	NA	Narration	NA	NA	NA	NA	NA	NA	1.4	1.52	NA	66.61	NA	NA	NA	NA	NA	NA	NA	NA	NA	NA	NA	NA	NA	NA	NA	NA	NA	NA	NA	NA	NA	NA	NA	NA	NA	SD
NA	eng	Heilmann etal Narrative 2009	NA	5;0-7;0	NA	TD	NA	NA	NA	NA	NA	NA	Narrative retell	NA	NA	NA	NA	7	NA	NA	NA	92.5	264.1	NA	NA	NA	NA	NA	NA	NA	NA	NA	NA	NA	NA	NA	NA	NA	NA	NA	NA	NA	NA	NA	NA	NA	NA	NA	Mean
NA	eng	Heilmann etal Narrative 2009	NA	5;0-7;0	NA	TD	NA	NA	NA	NA	NA	NA	Narrative retell	NA	NA	NA	NA	0.9	NA	NA	NA	19	77.2	NA	NA	NA	NA	NA	NA	NA	NA	NA	NA	NA	NA	NA	NA	NA	NA	NA	NA	NA	NA	NA	NA	NA	NA	NA	SD
NA	eng	Rice (2010)	NA	2;6 to 2;11	NA	TD	NA	NA	NA	NA	NA	NA	Conversation	NA	265.6	219.1	2.91	3.23	NA	NA	NA	NA	NA	NA	NA	NA	NA	NA	NA	NA	NA	NA	NA	NA	NA	NA	NA	NA	NA	NA	NA	NA	NA	NA	NA	NA	NA	NA	Mean
NA	eng	Rice (2010)	NA	2;6 to 2;11	NA	TD	NA	NA	NA	NA	NA	NA	Conversation	NA	64	66.6	0.58	0.71	NA	NA	NA	NA	NA	NA	NA	NA	NA	NA	NA	NA	NA	NA	NA	NA	NA	NA	NA	NA	NA	NA	NA	NA	NA	NA	NA	NA	NA	NA	SD
NA	eng	Rice (2010)	NA	2;6 to 2;11	NA	SLI	NA	NA	NA	NA	NA	NA	Conversation	NA	235.2	155.5	2.37	2.59	NA	NA	NA	NA	NA	NA	NA	NA	NA	NA	NA	NA	NA	NA	NA	NA	NA	NA	NA	NA	NA	NA	NA	NA	NA	NA	NA	NA	NA	NA	Mean
NA	eng	Rice (2010)	NA	2;6 to 2;11	NA	SLI	NA	NA	NA	NA	NA	NA	Conversation	NA	63.3	54.8	0.32	0.39	NA	NA	NA	NA	NA	NA	NA	NA	NA	NA	NA	NA	NA	NA	NA	NA	NA	NA	NA	NA	NA	NA	NA	NA	NA	NA	NA	NA	NA	NA	SD
NA	eng	Rice (2010)	NA	3;0 to 3;5	NA	TD	NA	NA	NA	NA	NA	NA	Conversation	NA	271.5	219.1	2.43	3.81	NA	NA	NA	NA	NA	NA	NA	NA	NA	NA	NA	NA	NA	NA	NA	NA	NA	NA	NA	NA	NA	NA	NA	NA	NA	NA	NA	NA	NA	NA	Mean
NA	eng	Rice (2010)	NA	3;0 to 3;5	NA	TD	NA	NA	NA	NA	NA	NA	Conversation	NA	74.5	56.9	0.61	0.69	NA	NA	NA	NA	NA	NA	NA	NA	NA	NA	NA	NA	NA	NA	NA	NA	NA	NA	NA	NA	NA	NA	NA	NA	NA	NA	NA	NA	NA	NA	SD
NA	eng	Rice (2010)	NA	3;0 to 3;5	NA	SLI	NA	NA	NA	NA	NA	NA	Conversation	NA	261.3	177.6	2.84	3.07	NA	NA	NA	NA	NA	NA	NA	NA	NA	NA	NA	NA	NA	NA	NA	NA	NA	NA	NA	NA	NA	NA	NA	NA	NA	NA	NA	NA	NA	NA	Mean
NA	eng	Rice (2010)	NA	3;0 to 3;5	NA	SLI	NA	NA	NA	NA	NA	NA	Conversation	NA	78	66.2	0.38	0.48	NA	NA	NA	NA	NA	NA	NA	NA	NA	NA	NA	NA	NA	NA	NA	NA	NA	NA	NA	NA	NA	NA	NA	NA	NA	NA	NA	NA	NA	NA	SD
NA	eng	Rice (2010)	NA	3;6 to 3;11	NA	TD	NA	NA	NA	NA	NA	NA	Conversation	NA	256.2	203.9	3.71	4.09	NA	NA	NA	NA	NA	NA	NA	NA	NA	NA	NA	NA	NA	NA	NA	NA	NA	NA	NA	NA	NA	NA	NA	NA	NA	NA	NA	NA	NA	NA	Mean
NA	eng	Rice (2010)	NA	3;6 to 3;11	NA	TD	NA	NA	NA	NA	NA	NA	Conversation	NA	53.8	56.6	0.58	0.67	NA	NA	NA	NA	NA	NA	NA	NA	NA	NA	NA	NA	NA	NA	NA	NA	NA	NA	NA	NA	NA	NA	NA	NA	NA	NA	NA	NA	NA	NA	SD
NA	eng	Rice (2010)	NA	3;6 to 3;11	NA	SLI	NA	NA	NA	NA	NA	NA	Conversation	NA	249	176.8	3.1	3.36	NA	NA	NA	NA	NA	NA	NA	NA	NA	NA	NA	NA	NA	NA	NA	NA	NA	NA	NA	NA	NA	NA	NA	NA	NA	NA	NA	NA	NA	NA	Mean
NA	eng	Rice (2010)	NA	3;6 to 3;11	NA	SLI	NA	NA	NA	NA	NA	NA	Conversation	NA	89.3	66.4	0.75	0.8	NA	NA	NA	NA	NA	NA	NA	NA	NA	NA	NA	NA	NA	NA	NA	NA	NA	NA	NA	NA	NA	NA	NA	NA	NA	NA	NA	NA	NA	NA	SD
NA	eng	Rice (2010)	NA	4;0 to 4;5	NA	TD	NA	NA	NA	NA	NA	NA	Conversation	NA	282.6	224.2	4.1	4.57	NA	NA	NA	NA	NA	NA	NA	NA	NA	NA	NA	NA	NA	NA	NA	NA	NA	NA	NA	NA	NA	NA	NA	NA	NA	NA	NA	NA	NA	NA	Mean
NA	eng	Rice (2010)	NA	4;0 to 4;5	NA	TD	NA	NA	NA	NA	NA	NA	Conversation	NA	75.3	72.7	0.65	0.76	NA	NA	NA	NA	NA	NA	NA	NA	NA	NA	NA	NA	NA	NA	NA	NA	NA	NA	NA	NA	NA	NA	NA	NA	NA	NA	NA	NA	NA	NA	SD
NA	eng	Rice (2010)	NA	4;0 to 4;5	NA	SLI	NA	NA	NA	NA	NA	NA	Conversation	NA	282.6	198.2	3.31	3.64	NA	NA	NA	NA	NA	NA	NA	NA	NA	NA	NA	NA	NA	NA	NA	NA	NA	NA	NA	NA	NA	NA	NA	NA	NA	NA	NA	NA	NA	NA	Mean
NA	eng	Rice (2010)	NA	4;0 to 4;5	NA	SLI	NA	NA	NA	NA	NA	NA	Conversation	NA	93.8	76.4	0.7	0.8	NA	NA	NA	NA	NA	NA	NA	NA	NA	NA	NA	NA	NA	NA	NA	NA	NA	NA	NA	NA	NA	NA	NA	NA	NA	NA	NA	NA	NA	NA	SD
NA	eng	Rice (2010)	NA	4;6 to 4;11	NA	TD	NA	NA	NA	NA	NA	NA	Conversation	NA	278.1	232	4.28	4.75	NA	NA	NA	NA	NA	NA	NA	NA	NA	NA	NA	NA	NA	NA	NA	NA	NA	NA	NA	NA	NA	NA	NA	NA	NA	NA	NA	NA	NA	NA	Mean
NA	eng	Rice (2010)	NA	4;6 to 4;11	NA	TD	NA	NA	NA	NA	NA	NA	Conversation	NA	77.6	69.8	0.72	0.79	NA	NA	NA	NA	NA	NA	NA	NA	NA	NA	NA	NA	NA	NA	NA	NA	NA	NA	NA	NA	NA	NA	NA	NA	NA	NA	NA	NA	NA	NA	SD
NA	eng	Rice (2010)	NA	4;6 to 4;11	NA	SLI	NA	NA	NA	NA	NA	NA	Conversation	NA	284.7	213.2	3.6	3.95	NA	NA	NA	NA	NA	NA	NA	NA	NA	NA	NA	NA	NA	NA	NA	NA	NA	NA	NA	NA	NA	NA	NA	NA	NA	NA	NA	NA	NA	NA	Mean
NA	eng	Rice (2010)	NA	4;6 to 4;11	NA	SLI	NA	NA	NA	NA	NA	NA	Conversation	NA	71.3	63.5	0.62	0.7	NA	NA	NA	NA	NA	NA	NA	NA	NA	NA	NA	NA	NA	NA	NA	NA	NA	NA	NA	NA	NA	NA	NA	NA	NA	NA	NA	NA	NA	NA	SD
NA	eng	Rice (2010)	NA	5;0 to 5;5	NA	TD	NA	NA	NA	NA	NA	NA	Conversation	NA	274	223.6	4.38	4.88	NA	NA	NA	NA	NA	NA	NA	NA	NA	NA	NA	NA	NA	NA	NA	NA	NA	NA	NA	NA	NA	NA	NA	NA	NA	NA	NA	NA	NA	NA	Mean
NA	eng	Rice (2010)	NA	5;0 to 5;5	NA	TD	NA	NA	NA	NA	NA	NA	Conversation	NA	62.7	51	0.63	0.72	NA	NA	NA	NA	NA	NA	NA	NA	NA	NA	NA	NA	NA	NA	NA	NA	NA	NA	NA	NA	NA	NA	NA	NA	NA	NA	NA	NA	NA	NA	SD
NA	eng	Rice (2010)	NA	5;0 to 5;5	NA	SLI	NA	NA	NA	NA	NA	NA	Conversation	NA	292.1	223.1	3.72	4.09	NA	NA	NA	NA	NA	NA	NA	NA	NA	NA	NA	NA	NA	NA	NA	NA	NA	NA	NA	NA	NA	NA	NA	NA	NA	NA	NA	NA	NA	NA	Mean
NA	eng	Rice (2010)	NA	5;0 to 5;5	NA	SLI	NA	NA	NA	NA	NA	NA	Conversation	NA	76.2	55.8	0.61	0.7	NA	NA	NA	NA	NA	NA	NA	NA	NA	NA	NA	NA	NA	NA	NA	NA	NA	NA	NA	NA	NA	NA	NA	NA	NA	NA	NA	NA	NA	NA	SD
NA	eng	Rice (2010)	NA	5;6 to 5;11	NA	TD	NA	NA	NA	NA	NA	NA	Conversation	NA	278.2	224	4.47	4.96	NA	NA	NA	NA	NA	NA	NA	NA	NA	NA	NA	NA	NA	NA	NA	NA	NA	NA	NA	NA	NA	NA	NA	NA	NA	NA	NA	NA	NA	NA	Mean
NA	eng	Rice (2010)	NA	5;6 to 5;11	NA	TD	NA	NA	NA	NA	NA	NA	Conversation	NA	79.9	65	0.61	0.7	NA	NA	NA	NA	NA	NA	NA	NA	NA	NA	NA	NA	NA	NA	NA	NA	NA	NA	NA	NA	NA	NA	NA	NA	NA	NA	NA	NA	NA	NA	SD
NA	eng	Rice (2010)	NA	5;6 to 5;11	NA	SLI	NA	NA	NA	NA	NA	NA	Conversation	NA	289	222.5	3.95	4.34	NA	NA	NA	NA	NA	NA	NA	NA	NA	NA	NA	NA	NA	NA	NA	NA	NA	NA	NA	NA	NA	NA	NA	NA	NA	NA	NA	NA	NA	NA	Mean
NA	eng	Rice (2010)	NA	5;6 to 5;11	NA	SLI	NA	NA	NA	NA	NA	NA	Conversation	NA	83.6	64.3	0.6	0.67	NA	NA	NA	NA	NA	NA	NA	NA	NA	NA	NA	NA	NA	NA	NA	NA	NA	NA	NA	NA	NA	NA	NA	NA	NA	NA	NA	NA	NA	NA	SD
NA	eng	Rice (2010)	NA	6;0 to 6;5	NA	TD	NA	NA	NA	NA	NA	NA	Conversation	NA	291.2	236.3	4.57	5.07	NA	NA	NA	NA	NA	NA	NA	NA	NA	NA	NA	NA	NA	NA	NA	NA	NA	NA	NA	NA	NA	NA	NA	NA	NA	NA	NA	NA	NA	NA	Mean
NA	eng	Rice (2010)	NA	6;0 to 6;5	NA	TD	NA	NA	NA	NA	NA	NA	Conversation	NA	86.2	72.2	0.66	0.75	NA	NA	NA	NA	NA	NA	NA	NA	NA	NA	NA	NA	NA	NA	NA	NA	NA	NA	NA	NA	NA	NA	NA	NA	NA	NA	NA	NA	NA	NA	SD
NA	eng	Rice (2010)	NA	6;0 to 6;5	NA	SLI	NA	NA	NA	NA	NA	NA	Conversation	NA	275.7	217.2	3.98	4.38	NA	NA	NA	NA	NA	NA	NA	NA	NA	NA	NA	NA	NA	NA	NA	NA	NA	NA	NA	NA	NA	NA	NA	NA	NA	NA	NA	NA	NA	NA	Mean
NA	eng	Rice (2010)	NA	6;0 to 6;5	NA	SLI	NA	NA	NA	NA	NA	NA	Conversation	NA	86.1	68.4	0.7	0.75	NA	NA	NA	NA	NA	NA	NA	NA	NA	NA	NA	NA	NA	NA	NA	NA	NA	NA	NA	NA	NA	NA	NA	NA	NA	NA	NA	NA	NA	NA	SD
NA	eng	Rice (2010)	NA	6;6 to 6;11	NA	TD	NA	NA	NA	NA	NA	NA	Conversation	NA	285.7	228.3	4.7	5.22	NA	NA	NA	NA	NA	NA	NA	NA	NA	NA	NA	NA	NA	NA	NA	NA	NA	NA	NA	NA	NA	NA	NA	NA	NA	NA	NA	NA	NA	NA	Mean
NA	eng	Rice (2010)	NA	6;6 to 6;11	NA	TD	NA	NA	NA	NA	NA	NA	Conversation	NA	96.6	80.6	0.66	0.71	NA	NA	NA	NA	NA	NA	NA	NA	NA	NA	NA	NA	NA	NA	NA	NA	NA	NA	NA	NA	NA	NA	NA	NA	NA	NA	NA	NA	NA	NA	SD
NA	eng	Rice (2010)	NA	6;6 to 6;11	NA	SLI	NA	NA	NA	NA	NA	NA	Conversation	NA	281.2	214.5	4.18	4.63	NA	NA	NA	NA	NA	NA	NA	NA	NA	NA	NA	NA	NA	NA	NA	NA	NA	NA	NA	NA	NA	NA	NA	NA	NA	NA	NA	NA	NA	NA	Mean
NA	eng	Rice (2010)	NA	6;6 to 6;11	NA	SLI	NA	NA	NA	NA	NA	NA	Conversation	NA	97	73.1	0.71	0.79	NA	NA	NA	NA	NA	NA	NA	NA	NA	NA	NA	NA	NA	NA	NA	NA	NA	NA	NA	NA	NA	NA	NA	NA	NA	NA	NA	NA	NA	NA	SD
NA	eng	Rice (2010)	NA	7;0 to 7;5	NA	TD	NA	NA	NA	NA	NA	NA	Conversation	NA	275.6	221.5	4.72	5.22	NA	NA	NA	NA	NA	NA	NA	NA	NA	NA	NA	NA	NA	NA	NA	NA	NA	NA	NA	NA	NA	NA	NA	NA	NA	NA	NA	NA	NA	NA	Mean
NA	eng	Rice (2010)	NA	7;0 to 7;5	NA	TD	NA	NA	NA	NA	NA	NA	Conversation	NA	90.3	77.4	0.83	0.91	NA	NA	NA	NA	NA	NA	NA	NA	NA	NA	NA	NA	NA	NA	NA	NA	NA	NA	NA	NA	NA	NA	NA	NA	NA	NA	NA	NA	NA	NA	SD
NA	eng	Rice (2010)	NA	7;0 to 7;5	NA	SLI	NA	NA	NA	NA	NA	NA	Conversation	NA	277	217.1	4.15	4.56	NA	NA	NA	NA	NA	NA	NA	NA	NA	NA	NA	NA	NA	NA	NA	NA	NA	NA	NA	NA	NA	NA	NA	NA	NA	NA	NA	NA	NA	NA	Mean
NA	eng	Rice (2010)	NA	7;0 to 7;5	NA	SLI	NA	NA	NA	NA	NA	NA	Conversation	NA	97.9	77	0.62	0.69	NA	NA	NA	NA	NA	NA	NA	NA	NA	NA	NA	NA	NA	NA	NA	NA	NA	NA	NA	NA	NA	NA	NA	NA	NA	NA	NA	NA	NA	NA	SD
NA	eng	Rice (2010)	NA	7;6 to 7;11	NA	TD	NA	NA	NA	NA	NA	NA	Conversation	NA	271.5	218	4.92	5.45	NA	NA	NA	NA	NA	NA	NA	NA	NA	NA	NA	NA	NA	NA	NA	NA	NA	NA	NA	NA	NA	NA	NA	NA	NA	NA	NA	NA	NA	NA	Mean
NA	eng	Rice (2010)	NA	7;6 to 7;11	NA	TD	NA	NA	NA	NA	NA	NA	Conversation	NA	94.5	79.3	1.03	1.13	NA	NA	NA	NA	NA	NA	NA	NA	NA	NA	NA	NA	NA	NA	NA	NA	NA	NA	NA	NA	NA	NA	NA	NA	NA	NA	NA	NA	NA	NA	SD
NA	eng	Rice (2010)	NA	7;6 to 7;11	NA	SLI	NA	NA	NA	NA	NA	NA	Conversation	NA	280	217.4	4.33	4.77	NA	NA	NA	NA	NA	NA	NA	NA	NA	NA	NA	NA	NA	NA	NA	NA	NA	NA	NA	NA	NA	NA	NA	NA	NA	NA	NA	NA	NA	NA	Mean
NA	eng	Rice (2010)	NA	7;6 to 7;11	NA	SLI	NA	NA	NA	NA	NA	NA	Conversation	NA	89	76.5	0.88	0.96	NA	NA	NA	NA	NA	NA	NA	NA	NA	NA	NA	NA	NA	NA	NA	NA	NA	NA	NA	NA	NA	NA	NA	NA	NA	NA	NA	NA	NA	NA	SD
NA	eng	Rice (2010)	NA	8;0 to 8;5	NA	TD	NA	NA	NA	NA	NA	NA	Conversation	NA	278	229.7	5.08	5.67	NA	NA	NA	NA	NA	NA	NA	NA	NA	NA	NA	NA	NA	NA	NA	NA	NA	NA	NA	NA	NA	NA	NA	NA	NA	NA	NA	NA	NA	NA	Mean
NA	eng	Rice (2010)	NA	8;0 to 8;5	NA	TD	NA	NA	NA	NA	NA	NA	Conversation	NA	92.9	81.8	0.84	0.97	NA	NA	NA	NA	NA	NA	NA	NA	NA	NA	NA	NA	NA	NA	NA	NA	NA	NA	NA	NA	NA	NA	NA	NA	NA	NA	NA	NA	NA	NA	SD
NA	eng	Rice (2010)	NA	8;0 to 8;5	NA	SLI	NA	NA	NA	NA	NA	NA	Conversation	NA	266.1	212.4	4.36	4.8	NA	NA	NA	NA	NA	NA	NA	NA	NA	NA	NA	NA	NA	NA	NA	NA	NA	NA	NA	NA	NA	NA	NA	NA	NA	NA	NA	NA	NA	NA	Mean
NA	eng	Rice (2010)	NA	8;0 to 8;5	NA	SLI	NA	NA	NA	NA	NA	NA	Conversation	NA	91.8	78.5	0.75	0.83	NA	NA	NA	NA	NA	NA	NA	NA	NA	NA	NA	NA	NA	NA	NA	NA	NA	NA	NA	NA	NA	NA	NA	NA	NA	NA	NA	NA	NA	NA	SD
NA	eng	Rice (2010)	NA	8;6 to 8;11	NA	TD	NA	NA	NA	NA	NA	NA	Conversation	NA	280.1	228.2	4.99	5.51	NA	NA	NA	NA	NA	NA	NA	NA	NA	NA	NA	NA	NA	NA	NA	NA	NA	NA	NA	NA	NA	NA	NA	NA	NA	NA	NA	NA	NA	NA	Mean
NA	eng	Rice (2010)	NA	8;6 to 8;11	NA	TD	NA	NA	NA	NA	NA	NA	Conversation	NA	98.6	80.6	0.71	0.79	NA	NA	NA	NA	NA	NA	NA	NA	NA	NA	NA	NA	NA	NA	NA	NA	NA	NA	NA	NA	NA	NA	NA	NA	NA	NA	NA	NA	NA	NA	SD
NA	eng	Rice (2010)	NA	8;6 to 8;11	NA	SLI	NA	NA	NA	NA	NA	NA	Conversation	NA	289.7	227.9	4.49	4.97	NA	NA	NA	NA	NA	NA	NA	NA	NA	NA	NA	NA	NA	NA	NA	NA	NA	NA	NA	NA	NA	NA	NA	NA	NA	NA	NA	NA	NA	NA	Mean
NA	eng	Rice (2010)	NA	8;6 to 8;11	NA	SLI	NA	NA	NA	NA	NA	NA	Conversation	NA	93.9	76.9	0.86	0.93	NA	NA	NA	NA	NA	NA	NA	NA	NA	NA	NA	NA	NA	NA	NA	NA	NA	NA	NA	NA	NA	NA	NA	NA	NA	NA	NA	NA	NA	NA	SD
NA	eng	Leadholm Miller 1992	NA	3;0 to 3;11	NA	TD	NA	NA	NA	NA	NA	NA	Narration	NA	143	100	NA	4.01	NA	NA	NA	NA	364	127	NA	NA	NA	NA	NA	NA	NA	NA	NA	7	NA	NA	8	3	NA	NA	4	3	NA	NA	NA	NA	NA	42	Mean
NA	eng	Leadholm Miller 1992	NA	3;0 to 3;11	NA	TD	NA	NA	NA	NA	NA	NA	Narration	NA	34	100	NA	0.88	NA	NA	NA	NA	82	23	NA	NA	NA	NA	NA	NA	NA	NA	NA	5	NA	NA	5	3	NA	NA	4	3	NA	NA	NA	NA	NA	42	SD
NA	eng	Leadholm Miller 1992	NA	4;0 to 4;11	NA	TD	NA	NA	NA	NA	NA	NA	Narration	NA	121	100	NA	5.23	NA	NA	NA	NA	478	163	NA	NA	NA	NA	NA	NA	NA	NA	NA	4	NA	NA	13	3	NA	NA	6	6	NA	NA	NA	NA	NA	30	Mean
NA	eng	Leadholm Miller 1992	NA	4;0 to 4;11	NA	TD	NA	NA	NA	NA	NA	NA	Narration	NA	32	100	NA	1.02	NA	NA	NA	NA	94	23	NA	NA	NA	NA	NA	NA	NA	NA	NA	4	NA	NA	7	3	NA	NA	5	6	NA	NA	NA	NA	NA	30	SD
NA	eng	Leadholm Miller 1992	NA	5;0 to 5;11	NA	TD	NA	NA	NA	NA	NA	NA	Narration	NA	140	100	NA	6.06	NA	NA	NA	NA	553	178	NA	NA	NA	NA	NA	NA	NA	NA	NA	7	NA	NA	11	7	NA	NA	8	7	NA	NA	NA	NA	NA	28	Mean
NA	eng	Leadholm Miller 1992	NA	5;0 to 5;11	NA	TD	NA	NA	NA	NA	NA	NA	Narration	NA	22	100	NA	0.94	NA	NA	NA	NA	91	18	NA	NA	NA	NA	NA	NA	NA	NA	NA	5	NA	NA	5	5	NA	NA	5	7	NA	NA	NA	NA	NA	28	SD
NA	eng	Leadholm Miller 1992	NA	6;0 to 6;11	NA	TD	NA	NA	NA	NA	NA	NA	Narration	NA	146	100	NA	6.17	NA	NA	NA	NA	564	180	NA	NA	NA	NA	NA	NA	NA	NA	NA	6	NA	NA	10	5	NA	NA	11	6	NA	NA	NA	NA	NA	35	Mean
NA	eng	Leadholm Miller 1992	NA	6;0 to 6;11	NA	TD	NA	NA	NA	NA	NA	NA	Narration	NA	27	100	NA	1.02	NA	NA	NA	NA	112	26	NA	NA	NA	NA	NA	NA	NA	NA	NA	4	NA	NA	5	4	NA	NA	5	6	NA	NA	NA	NA	NA	35	SD
NA	eng	Leadholm Miller 1992	NA	7;0	NA	TD	NA	NA	NA	NA	NA	NA	Narration	NA	154	100	NA	7.32	NA	NA	NA	NA	663	194	NA	NA	NA	NA	NA	NA	NA	NA	NA	9	NA	NA	14	5	NA	NA	12	10	NA	NA	NA	NA	NA	50	Mean
NA	eng	Leadholm Miller 1992	NA	7;0	NA	TD	NA	NA	NA	NA	NA	NA	Narration	NA	32	100	NA	1.06	NA	NA	NA	NA	97	20	NA	NA	NA	NA	NA	NA	NA	NA	NA	5	NA	NA	6	4	NA	NA	7	13	NA	NA	NA	NA	NA	50	SD
NA	eng	Leadholm Miller 1992	NA	9;0	NA	TD	NA	NA	NA	NA	NA	NA	Narration	NA	184	100	NA	8.8	NA	NA	NA	NA	800	205	NA	NA	NA	NA	NA	NA	NA	NA	NA	11	NA	NA	17	6	NA	NA	16	10	NA	NA	NA	NA	NA	27	Mean
NA	eng	Leadholm Miller 1992	NA	9;0	NA	TD	NA	NA	NA	NA	NA	NA	Narration	NA	35	100	NA	1.64	NA	NA	NA	NA	148	29	NA	NA	NA	NA	NA	NA	NA	NA	NA	5	NA	NA	6	4	NA	NA	8	11	NA	NA	NA	NA	NA	27	SD
NA	eng	Leadholm Miller 1992	NA	11;0	NA	TD	NA	NA	NA	NA	NA	NA	Narration	NA	167	100	NA	9.83	NA	NA	NA	NA	878	253	NA	NA	NA	NA	NA	NA	NA	NA	NA	15	NA	NA	23	2	NA	NA	17	19	NA	NA	NA	NA	NA	27	Mean
NA	eng	Leadholm Miller 1992	NA	11;0	NA	TD	NA	NA	NA	NA	NA	NA	Narration	NA	26	100	NA	1.59	NA	NA	NA	NA	138	34	NA	NA	NA	NA	NA	NA	NA	NA	NA	7	NA	NA	9	2	NA	NA	7	18	NA	NA	NA	NA	NA	27	SD
NA	eng	Leadholm Miller 1992	NA	13;0	NA	TD	NA	NA	NA	NA	NA	NA	Narration	NA	200	100	NA	9.32	NA	NA	NA	NA	842	237	NA	NA	NA	NA	NA	NA	NA	NA	NA	11	NA	NA	20	2	NA	NA	14	16	NA	NA	NA	NA	NA	27	Mean
NA	eng	Leadholm Miller 1992	NA	13;0	NA	TD	NA	NA	NA	NA	NA	NA	Narration	NA	46	100	NA	1.49	NA	NA	NA	NA	132	27	NA	NA	NA	NA	NA	NA	NA	NA	NA	6	NA	NA	9	2	NA	NA	6	12	NA	NA	NA	NA	NA	27	SD
NA	eng	Leadholm Miller 1992	NA	3;0 to 3;11	NA	TD	NA	NA	NA	NA	NA	NA	Conversation	NA	137	100	NA	3.38	NA	NA	NA	NA	310	118	NA	NA	NA	NA	NA	NA	NA	NA	NA	3	NA	NA	7	1	NA	NA	2	2	NA	NA	NA	NA	NA	42	Mean
NA	eng	Leadholm Miller 1992	NA	3;0 to 3;11	NA	TD	NA	NA	NA	NA	NA	NA	Conversation	NA	34	100	NA	0.48	NA	NA	NA	NA	118	20	NA	NA	NA	NA	NA	NA	NA	NA	NA	2	NA	NA	4	2	NA	NA	2	3	NA	NA	NA	NA	NA	42	SD
NA	eng	Leadholm Miller 1992	NA	4;0 to 4;11	NA	TD	NA	NA	NA	NA	NA	NA	Conversation	NA	138	100	NA	4.22	NA	NA	NA	NA	384	144	NA	NA	NA	NA	NA	NA	NA	NA	NA	3	NA	NA	11	1	NA	NA	2	4	NA	NA	NA	NA	NA	30	Mean
NA	eng	Leadholm Miller 1992	NA	4;0 to 4;11	NA	TD	NA	NA	NA	NA	NA	NA	Conversation	NA	33	100	NA	1.02	NA	NA	NA	NA	90	26	NA	NA	NA	NA	NA	NA	NA	NA	NA	3	NA	NA	7	1	NA	NA	2	3	NA	NA	NA	NA	NA	30	SD
NA	eng	Leadholm Miller 1992	NA	5;0 to 5;11	NA	TD	NA	NA	NA	NA	NA	NA	Conversation	NA	149	100	NA	5.71	NA	NA	NA	NA	520	181	NA	NA	NA	NA	NA	NA	NA	NA	NA	5	NA	NA	15	2	NA	NA	4	7	NA	NA	NA	NA	NA	28	Mean
NA	eng	Leadholm Miller 1992	NA	5;0 to 5;11	NA	TD	NA	NA	NA	NA	NA	NA	Conversation	NA	27	100	NA	0.91	NA	NA	NA	NA	81	25	NA	NA	NA	NA	NA	NA	NA	NA	NA	4	NA	NA	8	2	NA	NA	3	5	NA	NA	NA	NA	NA	28	SD
NA	eng	Leadholm Miller 1992	NA	6;0 to 6;11	NA	TD	NA	NA	NA	NA	NA	NA	Conversation	NA	154	100	NA	5.49	NA	NA	NA	NA	499	177	NA	NA	NA	NA	NA	NA	NA	NA	NA	4	NA	NA	17	2	NA	NA	4	6	NA	NA	NA	NA	NA	35	Mean
NA	eng	Leadholm Miller 1992	NA	6;0 to 6;11	NA	TD	NA	NA	NA	NA	NA	NA	Conversation	NA	33	100	NA	0.97	NA	NA	NA	NA	86	23	NA	NA	NA	NA	NA	NA	NA	NA	NA	3	NA	NA	8	2	NA	NA	3	5	NA	NA	NA	NA	NA	35	SD
NA	eng	Leadholm Miller 1992	NA	7;0	NA	TD	NA	NA	NA	NA	NA	NA	Conversation	NA	170	100	NA	5.92	NA	NA	NA	NA	540	192	NA	NA	NA	NA	NA	NA	NA	NA	NA	4	NA	NA	17	2	NA	NA	5	6	NA	NA	NA	NA	NA	50	Mean
NA	eng	Leadholm Miller 1992	NA	7;0	NA	TD	NA	NA	NA	NA	NA	NA	Conversation	NA	32	100	NA	0.9	NA	NA	NA	NA	83	19	NA	NA	NA	NA	NA	NA	NA	NA	NA	3	NA	NA	6	2	NA	NA	3	5	NA	NA	NA	NA	NA	50	SD
NA	eng	Leadholm Miller 1992	NA	9;0	NA	TD	NA	NA	NA	NA	NA	NA	Conversation	NA	181	100	NA	6.5	NA	NA	NA	NA	592	209	NA	NA	NA	NA	NA	NA	NA	NA	NA	4	NA	NA	20	3	NA	NA	4	6	NA	NA	NA	NA	NA	27	Mean
NA	eng	Leadholm Miller 1992	NA	9;0	NA	TD	NA	NA	NA	NA	NA	NA	Conversation	NA	31	100	NA	10.6	NA	NA	NA	NA	95	26	NA	NA	NA	NA	NA	NA	NA	NA	NA	3	NA	NA	8	2	NA	NA	2	3	NA	NA	NA	NA	NA	27	SD
NA	eng	Leadholm Miller 1992	NA	11;0	NA	TD	NA	NA	NA	NA	NA	NA	Conversation	NA	169	100	NA	7.62	NA	NA	NA	NA	693	229	NA	NA	NA	NA	NA	NA	NA	NA	NA	6	NA	NA	20	5	NA	NA	6	7	NA	NA	NA	NA	NA	27	Mean
NA	eng	Leadholm Miller 1992	NA	11;0	NA	TD	NA	NA	NA	NA	NA	NA	Conversation	NA	38	100	NA	1.94	NA	NA	NA	NA	175	38	NA	NA	NA	NA	NA	NA	NA	NA	NA	4	NA	NA	7	4	NA	NA	4	5	NA	NA	NA	NA	NA	27	SD
NA	eng	Leadholm Miller 1992	NA	13;0	NA	TD	NA	NA	NA	NA	NA	NA	Conversation	NA	200	100	NA	6.99	NA	NA	NA	NA	637	216	NA	NA	NA	NA	NA	NA	NA	NA	NA	7	NA	NA	19	1	NA	NA	7	5	NA	NA	NA	NA	NA	27	Mean
NA	eng	Leadholm Miller 1992	NA	13;0	NA	TD	NA	NA	NA	NA	NA	NA	Conversation	NA	43	100	NA	1.43	NA	NA	NA	NA	134	31	NA	NA	NA	NA	NA	NA	NA	NA	NA	3	NA	NA	5	1	NA	NA	3	4	NA	NA	NA	NA	NA	27	SD
